periodo,nivel_general,productos_alimenticios_y_bebidas,productos_del_tabaco,productos_textiles,papel_y_carton,edicion_e_impresion,refinacion_del_petroleo,sustancias_y_productos_quimicos,productos_de_caucho_y_plastico,productos_minerales_no_metalicos,industrias_metalicas_basicas,industria_automotriz,metalmecanica_excluida_industria_automotriz,var_im_nivel_general,var_im_productos_alimenticios_y_bebidas,var_im_productos_del_tabaco,var_im_productos_textiles,var_im_papel_y_carton,var_im_edicion_e_impresion,var_im_refinacion_del_petroleo,var_im_sustancias_y_productos_quimicos,var_im_productos_de_caucho_y_plastico,var_im_productos_minerales_no_metalicos,var_im_industrias_metalicas_basicas,var_im_industria_automotriz,var_im_metalmecanica_excluida_industria_automotriz,var_ia_nivel_general,var_ia_productos_alimenticios_y_bebidas,var_ia_productos_del_tabaco,var_ia_productos_textiles,var_ia_papel_y_carton,var_ia_edicion_e_impresion,var_ia_refinacion_del_petroleo,var_ia_sustancias_y_productos_quimicos,var_ia_productos_de_caucho_y_plastico,var_ia_productos_minerales_no_metalicos,var_ia_industrias_metalicas_basicas,var_ia_industria_automotriz,var_ia_metalmecanica_excluida_industria_automotriz
2016-01-01,62.9,68.5,83.9,66.9,84.4,58.3,85.1,66.1,58.8,63.2,65.2,20.4,52.2,0.0,0.0,0.0,0.0,0.0,0.0,0.0,0.0,0.0,0.0,0.0,0.0,0.0,0.0,0.0,0.0,0.0,0.0,0.0,0.0,0.0,0.0,0.0,0.0,0.0,0.0
2016-02-01,64.2,66.8,81.3,72.2,79.0,53.6,86.8,66.8,53.6,73.1,70.7,43.1,51.1,0.020667726550079646,-0.02481751824817524,-0.030989272943981017,0.07922272047832579,-0.06398104265402849,-0.0806174957118353,0.0199764982373678,0.010590015128593144,-0.08843537414965985,0.1566455696202531,0.08435582822085896,1.1127450980392157,-0.021072796934865967,0.0,0.0,0.0,0.0,0.0,0.0,0.0,0.0,0.0,0.0,0.0,0.0,0.0
2016-03-01,64.8,67.2,84.1,73.5,81.4,55.0,83.4,66.3,56.2,75.4,63.6,55.5,53.1,0.009345794392523255,0.005988023952095967,0.03444034440344401,0.018005540166204925,0.0303797468354432,0.026119402985074647,-0.03917050691244228,-0.007485029940119792,0.04850746268656714,0.03146374829001375,-0.10042432814710045,0.28770301624129924,0.03913894324853229,0.0,0.0,0.0,0.0,0.0,0.0,0.0,0.0,0.0,0.0,0.0,0.0,0.0
2016-04-01,64.8,63.5,81.4,74.4,83.8,58.5,82.0,67.9,60.2,75.4,65.2,54.6,53.2,0.0,-0.055059523809523836,-0.03210463733650404,0.01224489795918382,0.029484029484029284,0.06363636363636371,-0.016786570743405393,0.024132730015083093,0.07117437722419928,0.0,0.02515723270440251,-0.01621621621621616,0.0018832391713747842,0.0,0.0,0.0,0.0,0.0,0.0,0.0,0.0,0.0,0.0,0.0,0.0,0.0
2016-05-01,65.0,64.5,79.0,73.3,74.6,61.1,80.9,65.3,60.4,72.9,73.5,47.5,56.0,0.0030864197530864335,0.015748031496062964,-0.029484029484029506,-0.014784946236559238,-0.10978520286396187,0.04444444444444451,-0.013414634146341364,-0.038291605301914666,0.0033222591362125353,-0.03315649867374004,0.12730061349693256,-0.13003663003663002,0.05263157894736836,0.0,0.0,0.0,0.0,0.0,0.0,0.0,0.0,0.0,0.0,0.0,0.0,0.0
2016-06-01,64.9,62.7,69.1,73.9,79.0,58.9,86.1,64.6,62.0,71.5,73.3,50.7,54.8,-0.0015384615384614886,-0.027906976744185963,-0.12531645569620264,0.008185538881309906,0.05898123324396787,-0.036006546644844595,0.06427688504326312,-0.01071975497702915,0.026490066225165476,-0.019204389574760006,-0.0027210884353742193,0.06736842105263174,-0.021428571428571463,0.0,0.0,0.0,0.0,0.0,0.0,0.0,0.0,0.0,0.0,0.0,0.0,0.0
2016-07-01,62.0,61.7,72.8,71.9,83.8,54.3,84.5,60.6,58.2,66.4,68.5,45.0,51.1,-0.044684129429892194,-0.01594896331738438,0.05354558610709126,-0.02706359945872805,0.060759493670885956,-0.07809847198641773,-0.018583042973286834,-0.061919504643962786,-0.06129032258064515,-0.07132867132867127,-0.06548431105047747,-0.1124260355029586,-0.06751824817518237,0.0,0.0,0.0,0.0,0.0,0.0,0.0,0.0,0.0,0.0,0.0,0.0,0.0
2016-08-01,63.6,68.4,73.4,74.0,91.8,51.8,80.2,59.1,56.6,73.1,66.6,51.4,51.2,0.02580645161290329,0.10858995137763383,0.008241758241758435,0.029207232267037364,0.09546539379474939,-0.046040515653775316,-0.05088757396449706,-0.024752475247524774,-0.027491408934707917,0.10090361445783125,-0.027737226277372296,0.14222222222222225,0.001956947162426559,0.0,0.0,0.0,0.0,0.0,0.0,0.0,0.0,0.0,0.0,0.0,0.0,0.0
2016-09-01,63.9,65.7,80.8,69.1,80.3,53.5,81.3,68.5,55.2,70.7,65.3,51.4,51.9,0.004716981132075526,-0.03947368421052633,0.10081743869209792,-0.06621621621621632,-0.12527233115468406,0.032818532818532864,0.013715710723191998,0.159052453468697,-0.02473498233215543,-0.03283173734610112,-0.019519519519519468,0.0,0.013671875,0.0,0.0,0.0,0.0,0.0,0.0,0.0,0.0,0.0,0.0,0.0,0.0,0.0
2016-10-01,65.4,65.7,57.0,59.0,86.0,60.2,84.5,70.3,52.8,70.7,72.8,44.1,55.7,0.023474178403755985,0.0,-0.2945544554455445,-0.14616497829232988,0.07098381070983817,0.12523364485981303,0.03936039360393617,0.0262773722627736,-0.0434782608695653,0.0,0.11485451761102605,-0.14202334630350189,0.07321772639691715,0.0,0.0,0.0,0.0,0.0,0.0,0.0,0.0,0.0,0.0,0.0,0.0,0.0
2016-11-01,68.4,69.0,73.3,58.8,88.2,58.9,83.2,74.3,62.6,72.2,71.6,56.3,57.2,0.04587155963302747,0.05022831050228316,0.28596491228070176,-0.003389830508474634,0.0255813953488373,-0.021594684385382146,-0.01538461538461533,0.056899004267425335,0.18560606060606077,0.021216407355021172,-0.016483516483516536,0.27664399092970515,0.026929982046678624,0.0,0.0,0.0,0.0,0.0,0.0,0.0,0.0,0.0,0.0,0.0,0.0,0.0
2016-12-01,63.6,66.9,75.5,48.9,76.7,58.6,84.4,65.1,62.9,69.6,62.8,45.0,54.7,-0.07017543859649134,-0.030434782608695587,0.030013642564802323,-0.16836734693877553,-0.13038548752834467,-0.005093378607809784,0.014423076923076872,-0.1238223418573352,0.004792332268370503,-0.03601108033241007,-0.12290502793296088,-0.20071047957371224,-0.04370629370629375,0.0,0.0,0.0,0.0,0.0,0.0,0.0,0.0,0.0,0.0,0.0,0.0,0.0
2017-01-01,60.6,65.1,80.3,57.5,80.0,54.0,85.0,68.5,58.5,53.3,58.4,30.7,47.3,-0.047169811320754707,-0.026905829596412745,0.06357615894039736,0.17586912065439675,0.0430247718383312,-0.07849829351535842,0.007109004739336511,0.05222734254992334,-0.06995230524642282,-0.2341954022988506,-0.07006369426751591,-0.3177777777777778,-0.13528336380255956,-0.0365659777424483,-0.04963503649635048,-0.042908224076281365,-0.14050822122571005,-0.05213270142180104,-0.07375643224699824,-0.001175088131609825,0.036308623298033416,-0.005102040816326481,-0.15664556962025322,-0.10429447852760743,0.5049019607843137,-0.09386973180076641
2017-02-01,60.0,62.4,78.3,53.9,85.0,47.6,81.6,68.8,54.1,68.7,65.7,31.5,42.1,-0.00990099009900991,-0.041474654377880116,-0.02490660024906599,-0.06260869565217397,0.0625,-0.11851851851851847,-0.040000000000000036,0.004379562043795637,-0.07521367521367517,0.2889305816135086,0.125,0.026058631921824116,-0.10993657505285404,-0.06542056074766356,-0.06586826347305386,-0.03690036900369009,-0.25346260387811637,0.07594936708860756,-0.11194029850746268,-0.05990783410138256,0.029940119760478945,0.009328358208955168,-0.06019151846785209,-0.07072135785007072,-0.26914153132250584,-0.1761252446183953
2017-03-01,65.7,70.2,76.0,57.3,87.7,55.5,79.9,67.3,55.0,75.6,75.6,48.2,50.5,0.09499999999999997,0.125,-0.02937420178799488,0.06307977736549164,0.03176470588235292,0.1659663865546217,-0.02083333333333315,-0.021802325581395388,0.01663585951940849,0.10043668122270732,0.15068493150684925,0.5301587301587303,0.1995249406175772,0.013888888888889062,0.044642857142857206,-0.09631391200951245,-0.2204081632653062,0.07739557739557745,0.009090909090909038,-0.04196642685851315,0.015082956259426794,-0.02135231316725983,0.0026525198938991412,0.18867924528301883,-0.13153153153153152,-0.048964218455743946
2017-04-01,64.5,64.3,62.4,54.9,79.6,56.0,82.4,68.6,57.9,71.0,73.6,46.5,54.5,-0.0182648401826484,-0.08404558404558415,-0.17894736842105263,-0.041884816753926635,-0.09236031927023958,0.009009009009008917,0.031289111389236623,0.019316493313521477,0.052727272727272734,-0.060846560846560815,-0.02645502645502651,-0.03526970954356856,0.07920792079207928,-0.004629629629629539,0.012598425196850283,-0.23341523341523351,-0.2620967741935485,-0.05011933174224348,-0.042735042735042694,0.004878048780487809,0.010309278350515205,-0.038205980066445266,-0.05835543766578255,0.12883435582822078,-0.14835164835164838,0.02443609022556381
2017-05-01,65.8,65.0,71.7,61.4,71.8,54.6,80.6,66.9,64.0,72.4,75.2,54.5,58.8,0.020155038759689825,0.010886469673405896,0.14903846153846168,0.11839708561020035,-0.09798994974874364,-0.025000000000000022,-0.02184466019417486,-0.024781341107871557,0.10535405872193437,0.019718309859154903,0.021739130434782705,0.17204301075268824,0.07889908256880718,0.012307692307692353,0.007751937984496138,-0.09240506329113918,-0.16234652114597548,-0.03753351206434308,-0.1063829787234043,-0.00370828182941918,0.024502297090352343,0.0596026490066226,-0.006858710562414272,0.023129251700680253,0.1473684210526316,0.050000000000000044
2017-06-01,67.1,64.3,76.1,66.2,77.0,63.1,86.4,67.5,65.8,76.7,73.7,55.0,58.6,0.019756838905774954,-0.010769230769230864,0.06136680613668055,0.07817589576547235,0.07242339832869082,0.15567765567765557,0.0719602977667495,0.008968609865470656,0.028124999999999956,0.05939226519337004,-0.019946808510638347,0.00917431192660545,-0.00340136054421758,0.03389830508474567,0.02551834130781483,0.10130246020260492,-0.10419485791610283,-0.025316455696202556,0.07130730050933787,0.0034843205574914826,0.04489164086687314,0.06129032258064515,0.07272727272727275,0.005457025920873271,0.08481262327416172,0.06934306569343063
2017-07-01,65.1,63.9,83.1,65.5,81.6,59.1,84.4,59.1,65.0,72.3,75.9,45.5,59.2,-0.02980625931445602,-0.0062208398133747345,0.09198423127463862,-0.010574018126888296,0.05974025974025965,-0.06339144215530901,-0.02314814814814814,-0.12444444444444447,-0.012158054711246202,-0.057366362451108266,0.029850746268656803,-0.17272727272727273,0.010238907849829282,0.04999999999999982,0.03565640194489461,0.14148351648351642,-0.0890125173852574,-0.026252983293556076,0.08839779005524862,-0.0011834319526626835,-0.024752475247524774,0.11683848797250862,0.08885542168674676,0.10802919708029202,0.011111111111111072,0.1585127201565557
2017-08-01,67.3,65.9,77.0,69.1,88.0,54.1,85.3,62.3,60.1,77.1,79.5,55.1,61.1,0.03379416282642089,0.031298904538341166,-0.07340553549939821,0.05496183206106853,0.07843137254901977,-0.08460236886632821,0.010663507109004655,0.05414551607444995,-0.07538461538461538,0.06639004149377592,0.04743083003952564,0.21098901098901113,0.03209459459459452,0.05817610062893075,-0.03654970760233922,0.049046321525885395,-0.06621621621621632,-0.04139433551198257,0.044401544401544424,0.06359102244389025,0.05414551607444995,0.06183745583038869,0.05471956224350216,0.1936936936936937,0.07198443579766534,0.193359375
2017-09-01,66.3,63.8,77.3,68.3,82.5,63.0,85.7,64.0,56.9,74.7,81.0,57.1,54.7,-0.014858841010401136,-0.03186646433990903,0.003896103896103842,-0.011577424023154759,-0.0625,0.16451016635859506,0.004689331770222793,0.027287319422151013,-0.053244592346089914,-0.03112840466926059,0.018867924528301883,0.0362976406533575,-0.10474631751227492,0.037558685446009266,-0.028919330289193357,-0.043316831683168355,-0.011577424023154759,0.027397260273972712,0.17757009345794383,0.05412054120541221,-0.06569343065693434,0.030797101449275388,0.05657708628005653,0.24042879019908114,0.1108949416342413,0.05394990366088637
2017-10-01,68.3,66.3,71.6,62.5,86.8,61.6,73.4,70.9,55.5,77.2,82.9,52.9,62.3,0.030165912518853588,0.03918495297805635,-0.07373868046571808,-0.08491947291361635,0.05212121212121201,-0.022222222222222254,-0.14352392065344222,0.10781250000000009,-0.024604569420035083,0.03346720214190091,0.023456790123456805,-0.0735551663747811,0.13893967093235826,0.04434250764525971,0.00913242009132409,0.2561403508771929,0.05932203389830515,0.009302325581395321,0.023255813953488413,-0.1313609467455621,0.008534850640113945,0.05113636363636376,0.09193776520509189,0.1387362637362639,0.1995464852607709,0.11849192100538586
2017-11-01,69.2,67.7,70.5,60.9,82.7,62.9,79.0,71.0,59.9,80.6,83.1,55.0,61.2,0.013177159590044063,0.021116138763197734,-0.015363128491620026,-0.025600000000000067,-0.047235023041474644,0.02110389610389607,0.07629427792915533,0.0014104372355430161,0.07927927927927936,0.04404145077720201,0.0024125452352230514,0.03969754253308122,-0.017656500802568087,0.011695906432748426,-0.018840579710144856,-0.038199181446111785,0.03571428571428581,-0.06235827664399096,0.06791171477079794,-0.050480769230769273,-0.044414535666218,-0.043130990415335524,0.11634349030470892,0.1606145251396649,-0.023090586145648295,0.06993006993007
2017-12-01,64.0,61.2,61.8,55.7,72.8,57.8,86.3,68.9,61.5,76.7,73.3,38.3,55.6,-0.07514450867052025,-0.09601181683899551,-0.123404255319149,-0.08538587848932666,-0.11970979443772678,-0.08108108108108114,0.09240506329113929,-0.029577464788732355,0.026711185308848195,-0.048387096774193394,-0.11793020457280379,-0.3036363636363637,-0.09150326797385622,0.0062893081761006275,-0.08520179372197312,-0.18145695364238412,0.1390593047034765,-0.05084745762711873,-0.013651877133105894,0.0225118483412321,0.058371735791090895,-0.02225755166931631,0.10201149425287359,0.16719745222929938,-0.14888888888888896,0.01645338208409508
2018-01-01,61.6,62.7,77.8,57.2,73.5,59.5,81.7,70.8,58.2,67.6,67.4,25.6,48.6,-0.03749999999999998,0.02450980392156854,0.25889967637540456,0.026929982046678624,0.009615384615384581,0.02941176470588247,-0.05330243337195817,0.02757619738751793,-0.05365853658536579,-0.1186440677966103,-0.08049113233287852,-0.33159268929503904,-0.12589928057553956,0.01650165016501659,-0.03686635944700445,-0.031133250311332517,-0.005217391304347729,-0.08125000000000004,0.10185185185185186,-0.0388235294117647,0.033576642335766405,-0.00512820512820511,0.2682926829268293,0.15410958904109595,-0.16612377850162863,0.02748414376321362
2018-02-01,64.4,61.4,71.5,48.3,77.2,51.2,82.8,73.0,53.3,74.2,86.2,50.4,46.2,0.045454545454545414,-0.020733652312599715,-0.08097686375321334,-0.15559440559440574,0.05034013605442178,-0.13949579831932768,0.01346389228886169,0.031073446327683607,-0.0841924398625431,0.09763313609467472,0.2789317507418396,0.9687499999999998,-0.04938271604938271,0.07333333333333347,-0.01602564102564108,-0.0868454661558109,-0.10389610389610393,-0.09176470588235286,0.07563025210084029,0.014705882352941124,0.061046511627907085,-0.014787430683918745,0.08005822416302766,0.31202435312024357,0.5999999999999999,0.09738717339667469
2018-03-01,66.8,63.3,74.4,53.6,72.8,56.8,78.6,71.9,56.7,76.1,88.0,58.2,54.3,0.03726708074534146,0.030944625407166138,0.04055944055944072,0.10973084886128381,-0.05699481865284983,0.10937499999999978,-0.050724637681159424,-0.015068493150684814,0.06378986866791747,0.025606469002695365,0.02088167053364276,0.15476190476190488,0.1753246753246751,0.016742770167427645,-0.09829059829059839,-0.021052631578947323,-0.06457242582897027,-0.16989737742303312,0.023423423423423406,-0.016270337922403177,0.06835066864784567,0.030909090909090997,0.006613756613756516,0.16402116402116418,0.20746887966804972,0.07524752475247509
2018-04-01,67.6,65.0,69.2,52.3,73.1,58.6,78.4,72.4,61.8,74.2,88.6,55.8,55.4,0.011976047904191489,0.026856240126382325,-0.06989247311827962,-0.02425373134328368,0.004120879120879106,0.03169014084507049,-0.00254452926208637,0.006954102920723182,0.08994708994708978,-0.024967148488830415,0.006818181818181834,-0.04123711340206193,0.0202578268876612,0.04806201550387579,0.010886469673405896,0.10897435897435903,-0.04735883424408016,-0.08165829145728642,0.046428571428571486,-0.04854368932038833,0.055393586005831,0.06735751295336789,0.04507042253521121,0.20380434782608692,0.19999999999999996,0.016513761467889854
2018-05-01,65.1,61.5,79.5,59.9,70.5,62.1,77.5,65.6,62.4,72.9,82.0,55.2,54.9,-0.03698224852071008,-0.05384615384615388,0.148843930635838,0.14531548757170176,-0.035567715458276306,0.05972696245733777,-0.011479591836734748,-0.09392265193370186,0.009708737864077666,-0.017520215633423097,-0.07449209932279899,-0.01075268817204289,-0.009025270758122761,-0.010638297872340496,-0.05384615384615388,0.10878661087866104,-0.02442996742671011,-0.01810584958217265,0.13736263736263732,-0.038461538461538436,-0.019431988041853643,-0.025000000000000022,0.006906077348066253,0.09042553191489366,0.012844036697247763,-0.06632653061224492
2018-06-01,61.8,59.1,68.0,55.4,71.7,60.1,68.7,61.8,54.8,70.6,80.5,47.7,53.6,-0.05069124423963134,-0.03902439024390236,-0.14465408805031443,-0.07512520868113526,0.017021276595744705,-0.032206119162640934,-0.11354838709677417,-0.05792682926829262,-0.1217948717948718,-0.03155006858710574,-0.018292682926829285,-0.13586956521739135,-0.023679417122040025,-0.07898658718330842,-0.08087091757387244,-0.10643889618922464,-0.163141993957704,-0.0688311688311688,-0.047543581616481756,-0.20486111111111116,-0.08444444444444443,-0.1671732522796353,-0.07953063885267286,0.09226594301221169,-0.1327272727272727,-0.08532423208191131
2018-07-01,60.1,58.9,73.0,53.6,73.8,58.6,66.2,50.8,54.3,71.4,86.3,48.1,51.1,-0.027508090614886682,-0.0033840947546531774,0.07352941176470584,-0.032490974729241784,0.029288702928870203,-0.024958402662229595,-0.03639010189228531,-0.1779935275080906,-0.009124087591240837,0.011331444759206999,0.07204968944099366,0.008385744234800763,-0.04664179104477617,-0.07680491551459279,-0.07824726134585291,-0.12154031287605294,-0.1816793893129771,-0.09558823529411764,-0.008460236886632777,-0.21563981042654035,-0.14043993231810492,-0.1646153846153846,-0.012448132780082832,0.1370223978919629,0.05714285714285716,-0.13682432432432434
2018-08-01,63.0,61.7,76.7,53.4,76.1,53.9,78.1,54.1,57.6,72.1,85.2,57.3,53.9,0.048252911813643884,0.04753820033955858,0.050684931506849384,-0.003731343283582156,0.031165311653116534,-0.08020477815699667,0.17975830815709948,0.06496062992125995,0.0607734806629836,0.009803921568627194,-0.012746234067207318,0.19126819126819128,0.0547945205479452,-0.0638930163447251,-0.06373292867981795,-0.003896103896103842,-0.22720694645441386,-0.13522727272727275,-0.003696857670979714,-0.08440797186400939,-0.131621187800963,-0.04159733777038266,-0.06485084306095978,0.07169811320754715,0.03992740471869327,-0.11783960720130937
2018-09-01,61.1,59.4,66.5,49.1,73.8,50.7,75.7,63.2,52.4,74.1,84.3,44.8,46.0,-0.030158730158730163,-0.0372771474878445,-0.13298565840938725,-0.08052434456928836,-0.030223390275952666,-0.05936920222634501,-0.030729833546734864,0.168207024029575,-0.09027777777777779,0.0277392510402219,-0.010563380281690238,-0.21815008726003493,-0.14656771799628943,-0.07843137254901955,-0.06896551724137934,-0.13971539456662352,-0.28111273792093694,-0.10545454545454547,-0.1952380952380952,-0.11668611435239207,-0.012499999999999956,-0.07908611599297011,-0.008032128514056325,0.040740740740740744,-0.21541155866900186,-0.15904936014625237
2018-10-01,64.8,66.6,71.4,47.4,76.5,59.5,78.8,69.1,52.1,73.7,83.9,45.9,49.2,0.06055646481178378,0.1212121212121211,0.0736842105263158,-0.03462321792260703,0.03658536585365857,0.17357001972386588,0.04095112285336855,0.09335443037974667,-0.005725190839694583,-0.005398110661268496,-0.00474495848161316,0.024553571428571397,0.06956521739130439,-0.051244509516837455,0.004524886877828038,-0.0027932960893852776,-0.24160000000000004,-0.11866359447004604,-0.03409090909090906,0.0735694822888282,-0.025387870239774513,-0.06126126126126119,-0.04533678756476689,0.012062726176115701,-0.13232514177693766,-0.2102728731942214
2018-11-01,63.3,63.5,74.6,43.9,76.1,56.1,73.2,70.0,51.6,72.7,88.0,44.4,44.5,-0.02314814814814814,-0.04654654654654644,0.04481792717086819,-0.07383966244725737,-0.005228758169934733,-0.05714285714285716,-0.07106598984771562,0.013024602026049381,-0.009596928982725572,-0.013568521031207648,0.04886769964243132,-0.0326797385620915,-0.0955284552845529,-0.08526011560693647,-0.06203840472673561,0.0581560283687943,-0.2791461412151067,-0.07980652962515122,-0.10810810810810811,-0.07341772151898729,-0.014084507042253502,-0.13856427378964942,-0.09801488833746885,0.05896510228640195,-0.19272727272727275,-0.2728758169934641
2018-12-01,56.6,58.9,56.0,32.3,66.8,48.9,77.4,66.4,47.2,61.5,69.4,25.6,42.8,-0.10584518167456547,-0.07244094488188979,-0.24932975871313667,-0.26423690205011396,-0.12220762155059128,-0.12834224598930488,0.05737704918032782,-0.05142857142857138,-0.0852713178294573,-0.15405777166437418,-0.2113636363636363,-0.42342342342342343,-0.038202247191011285,-0.11562499999999998,-0.03758169934640532,-0.09385113268608414,-0.42010771992818674,-0.08241758241758246,-0.1539792387543253,-0.1031286210892235,-0.036284470246734424,-0.23252032520325194,-0.19817470664928294,-0.053206002728512836,-0.33159268929503904,-0.23021582733812962
2019-01-01,56.2,57.5,83.9,31.4,67.4,56.7,76.6,68.9,48.4,57.1,71.7,15.7,38.4,-0.007067137809187218,-0.02376910016977929,0.4982142857142857,-0.02786377708978327,0.008982035928143839,0.15950920245398792,-0.010335917312661591,0.03765060240963858,0.025423728813559254,-0.07154471544715446,0.033141210374639796,-0.3867187500000001,-0.10280373831775702,-0.08766233766233766,-0.08293460925039875,0.07840616966580982,-0.45104895104895115,-0.08299319727891152,-0.04705882352941171,-0.0624235006119952,-0.026836158192090287,-0.16838487972508598,-0.1553254437869822,0.06379821958456966,-0.3867187500000001,-0.2098765432098766
2019-02-01,58.5,57.6,72.9,43.2,71.7,52.1,71.7,69.4,50.8,67.5,68.7,42.1,42.0,0.040925266903914626,0.0017391304347826875,-0.13110846245530394,0.3757961783439492,0.06379821958456966,-0.08112874779541446,-0.06396866840731064,0.007256894049346929,0.04958677685950419,0.18213660245183894,-0.04184100418410042,1.6815286624203822,0.09375,-0.09161490683229823,-0.061889250814332164,0.019580419580419672,-0.10559006211180111,-0.07124352331606221,0.017578125,-0.13405797101449268,-0.04931506849315059,-0.046904315196998114,-0.09029649595687339,-0.20301624129930396,-0.16468253968253965,-0.09090909090909094
2019-03-01,58.8,55.7,63.8,49.8,71.1,58.1,76.6,69.6,48.7,62.4,74.7,35.0,43.1,0.00512820512820511,-0.03298611111111105,-0.1248285322359397,0.15277777777777768,-0.008368200836820217,0.11516314779270642,0.06834030683403047,0.0028818443804032867,-0.04133858267716528,-0.0755555555555556,0.0873362445414847,-0.16864608076009502,0.02619047619047632,-0.11976047904191622,-0.12006319115323849,-0.14247311827957,-0.07089552238805974,-0.02335164835164838,0.022887323943661997,-0.025445292620865145,-0.03198887343532697,-0.14109347442680775,-0.1800262812089356,-0.15113636363636362,-0.39862542955326463,-0.20626151012891336
2019-04-01,61.6,60.7,58.6,49.5,68.4,59.8,72.1,70.5,51.5,67.2,82.0,37.6,46.7,0.04761904761904767,0.08976660682226201,-0.08150470219435735,-0.0060240963855421326,-0.03797468354430367,0.029259896729776136,-0.058746736292428214,0.012931034482758674,0.05749486652977409,0.0769230769230771,0.09772423025435062,0.07428571428571429,0.08352668213457082,-0.08875739644970404,-0.06615384615384612,-0.15317919075144515,-0.053537284894837445,-0.06429548563611476,0.020477815699658564,-0.08035714285714302,-0.026243093922652005,-0.16666666666666663,-0.09433962264150941,-0.07449209932279899,-0.3261648745519713,-0.15703971119133564
2019-05-01,62.0,60.5,70.8,54.6,64.8,63.8,78.3,70.8,50.9,64.8,77.5,36.6,49.9,0.006493506493506551,-0.0032948929159802853,0.20819112627986347,0.10303030303030303,-0.052631578947368585,0.06688963210702337,0.0859916782246879,0.004255319148936065,-0.011650485436893177,-0.03571428571428581,-0.054878048780487854,-0.02659574468085102,0.06852248394004268,-0.04761904761904756,-0.016260162601625994,-0.10943396226415103,-0.08848080133555924,-0.08085106382978724,0.027375201288244666,0.010322580645161228,0.0792682926829269,-0.1842948717948718,-0.11111111111111127,-0.054878048780487854,-0.3369565217391305,-0.09107468123861562
2019-06-01,59.1,59.8,54.6,53.5,68.7,59.1,73.8,57.2,50.1,67.1,80.2,34.0,48.2,-0.04677419354838708,-0.011570247933884392,-0.22881355932203384,-0.020146520146520186,0.06018518518518534,-0.07366771159874597,-0.05747126436781613,-0.19209039548022588,-0.015717092337917404,0.035493827160493874,0.03483870967741942,-0.0710382513661203,-0.03406813627254501,-0.043689320388349495,0.011844331641285955,-0.19705882352941173,-0.03429602888086636,-0.04184100418410042,-0.016638935108153063,0.07423580786026185,-0.0744336569579287,-0.08576642335766416,-0.04957507082152979,-0.003726708074534124,-0.28721174004192873,-0.10074626865671643
2019-07-01,58.7,63.9,68.9,60.6,72.9,58.1,75.1,47.5,51.6,67.2,79.3,30.0,48.5,-0.006768189509306244,0.06856187290969906,0.2619047619047621,0.1327102803738318,0.061135371179039444,-0.016920473773265665,0.017615176151761558,-0.16958041958041958,0.029940119760478945,0.0014903129657228842,-0.01122194513715713,-0.11764705882352944,0.006224066390041472,-0.02329450915141429,0.08488964346349737,-0.05616438356164377,0.13059701492537323,-0.012195121951219412,-0.008532423208191142,0.13444108761329288,-0.06496062992125984,-0.04972375690607722,-0.05882352941176472,-0.0811123986095017,-0.37629937629937626,-0.050880626223091974
2019-08-01,60.5,63.3,64.6,58.8,73.4,57.9,79.8,51.6,50.2,71.9,81.8,43.5,47.5,0.030664395229982988,-0.009389671361502372,-0.06240928882438335,-0.02970297029702973,0.006858710562414272,-0.0034423407917384408,0.06258322237017322,0.08631578947368435,-0.02713178294573637,0.06994047619047628,0.031525851197982346,0.44999999999999996,-0.020618556701030966,-0.03968253968253965,0.02593192868719596,-0.15775749674054773,0.101123595505618,-0.035479632063074806,0.07421150278293132,0.02176696542893719,-0.04621072088724587,-0.1284722222222222,-0.002773925104022079,-0.039906103286385,-0.24083769633507845,-0.11873840445269013
2019-09-01,57.7,61.6,69.2,57.8,73.1,57.5,77.0,47.7,51.3,75.4,79.1,37.4,40.0,-0.046280991735537125,-0.026856240126382214,0.07120743034055743,-0.017006802721088454,-0.004087193460490579,-0.006908462867012077,-0.03508771929824561,-0.07558139534883723,0.021912350597609542,0.048678720445062496,-0.0330073349633252,-0.14022988505747125,-0.1578947368421053,-0.0556464811783961,0.03703703703703698,0.04060150375939853,0.17718940936863525,-0.009485094850948506,0.13412228796844183,0.017173051519154603,-0.245253164556962,-0.020992366412213803,0.01754385964912286,-0.06168446026097274,-0.1651785714285714,-0.13043478260869568
2019-10-01,62.1,64.4,73.1,51.4,75.1,61.3,80.8,63.7,53.4,72.2,73.1,43.2,47.3,0.0762564991334489,0.045454545454545414,0.056358381502890076,-0.11072664359861595,0.02735978112175097,0.06608695652173902,0.049350649350649256,0.3354297693920336,0.040935672514619936,-0.04244031830238726,-0.07585335018963335,0.1550802139037435,0.18249999999999988,-0.04166666666666663,-0.033033033033032844,0.023809523809523725,0.08438818565400852,-0.018300653594771288,0.030252100840336027,0.025380710659898442,-0.07814761215629507,0.0249520153550864,-0.020352781546811416,-0.12872467222884398,-0.05882352941176461,-0.03861788617886186
2019-11-01,60.7,59.7,69.7,51.6,74.6,59.3,78.7,68.7,54.7,71.1,73.6,38.7,42.3,-0.02254428341384862,-0.07298136645962738,-0.046511627906976605,0.0038910505836575737,-0.0066577896138482195,-0.03262642740619903,-0.025990099009900902,0.07849293563579285,0.024344569288389684,-0.015235457063711988,0.0068399452804377425,-0.10416666666666663,-0.10570824524312894,-0.041074249605055235,-0.059842519685039286,-0.06568364611260047,0.17539863325740335,-0.019710906701708275,0.057040998217468664,0.07513661202185795,-0.018571428571428572,0.06007751937984507,-0.022008253094910724,-0.1636363636363637,-0.1283783783783783,-0.04943820224719109
2019-12-01,56.9,63.3,50.1,41.1,68.1,49.3,78.6,68.8,44.7,57.2,66.1,21.1,40.0,-0.06260296540362442,0.06030150753768826,-0.28120516499282644,-0.20348837209302328,-0.08713136729222526,-0.1686340640809444,-0.0012706480304957024,0.0014556040756912303,-0.18281535648994518,-0.19549929676511946,-0.10190217391304346,-0.4547803617571059,-0.05437352245862881,0.005300353356890497,0.0747028862478778,-0.10535714285714282,0.2724458204334368,0.019461077844311392,0.008179959100204526,0.015503875968992054,0.036144578313252795,-0.052966101694915224,-0.06991869918699178,-0.04755043227665723,-0.17578125,-0.06542056074766345
2020-01-01,56.1,58.6,67.3,44.4,67.9,51.9,80.7,73.8,45.1,54.4,61.5,26.3,34.6,-0.014059753954305698,-0.07424960505529221,0.343313373253493,0.08029197080291972,-0.002936857562408024,0.05273833671399597,0.026717557251908497,0.07267441860465107,0.008948545861297452,-0.04895104895104907,-0.06959152798789703,0.24644549763033163,-0.135,-0.001779359430605032,0.019130434782608674,-0.197854588796186,0.4140127388535031,0.007418397626112849,-0.08465608465608476,0.05352480417754579,0.07111756168359928,-0.06818181818181812,-0.04728546409807355,-0.14225941422594146,0.6751592356687899,-0.09895833333333326
2020-02-01,59.4,60.2,58.2,43.9,73.7,53.6,80.1,71.4,47.0,62.4,72.9,37.5,39.8,0.05882352941176472,0.027303754266211566,-0.13521545319465078,-0.011261261261261257,0.0854197349042709,0.032755298651252485,-0.007434944237918351,-0.032520325203251876,0.042128603104212736,0.1470588235294117,0.18536585365853675,0.42585551330798466,0.15028901734104028,0.01538461538461533,0.04513888888888884,-0.2016460905349794,0.016203703703703498,0.02789400278940035,0.028790786948176494,0.11715481171548103,0.028818443804034644,-0.07480314960629919,-0.0755555555555556,0.061135371179039444,-0.10926365795724469,-0.05238095238095242
2020-03-01,51.6,55.6,53.6,28.7,68.9,50.4,70.8,68.5,39.8,42.1,58.5,25.9,30.4,-0.13131313131313127,-0.07641196013289042,-0.07903780068728528,-0.3462414578587699,-0.0651289009497964,-0.059701492537313494,-0.11610486891385763,-0.04061624649859952,-0.15319148936170224,-0.3253205128205128,-0.19753086419753096,-0.30933333333333335,-0.2361809045226131,-0.12244897959183665,-0.0017953321364452268,-0.15987460815047017,-0.4236947791164658,-0.0309423347398029,-0.1325301204819278,-0.07571801566579628,-0.015804597701149392,-0.18275154004106786,-0.3253205128205128,-0.2168674698795181,-0.26,-0.2946635730858469
2020-04-01,42.0,59.7,0.0,4.2,59.9,57.6,46.2,69.3,31.7,22.5,25.1,0.0,20.1,-0.18604651162790697,0.07374100719424459,-1.0,-0.8536585365853658,-0.13062409288824395,0.14285714285714302,-0.34745762711864403,0.011678832116788218,-0.20351758793969843,-0.4655581947743468,-0.5709401709401709,-1.0,-0.3388157894736842,-0.31818181818181823,-0.016474464579901205,-1.0,-0.9151515151515152,-0.1242690058479533,-0.03678929765886285,-0.35922330097087374,-0.017021276595744705,-0.3844660194174757,-0.6651785714285714,-0.6939024390243902,-1.0,-0.569593147751606
2020-05-01,46.4,57.0,62.2,17.8,65.0,54.3,57.0,63.0,36.4,38.5,39.0,6.2,31.7,0.10476190476190483,-0.045226130653266416,inf,3.238095238095238,0.08514190317195336,-0.05729166666666674,0.23376623376623362,-0.09090909090909083,0.1482649842271293,0.711111111111111,0.5537848605577689,inf,0.5771144278606963,-0.25161290322580643,-0.05785123966942152,-0.12146892655367225,-0.673992673992674,0.0030864197530864335,-0.14890282131661448,-0.27203065134099613,-0.11016949152542366,-0.2848722986247544,-0.4058641975308642,-0.49677419354838714,-0.8306010928961749,-0.3647294589178357
2020-06-01,53.3,60.1,97.1,37.8,68.1,52.5,67.3,59.8,46.6,61.8,48.4,23.0,43.1,0.1487068965517242,0.05438596491228065,0.5610932475884243,1.1235955056179772,0.0476923076923077,-0.03314917127071815,0.1807017543859648,-0.050793650793650835,0.28021978021978033,0.6051948051948051,0.24102564102564106,2.7096774193548385,0.35962145110410093,-0.09813874788494081,0.0050167224080268635,0.7783882783882783,-0.2934579439252337,-0.008733624454148603,-0.1116751269035533,-0.08807588075880757,0.045454545454545414,-0.06986027944111772,-0.07898658718330842,-0.3965087281795512,-0.32352941176470584,-0.10580912863070546
2020-07-01,56.8,59.5,79.5,43.1,65.0,51.6,68.1,68.7,47.3,67.5,61.0,29.8,44.6,0.06566604127579745,-0.009983361064891838,-0.18125643666323377,0.14021164021164023,-0.04552129221732737,-0.017142857142857126,0.011887072808320909,0.1488294314381271,0.015021459227467782,0.09223300970873782,0.2603305785123968,0.29565217391304355,0.03480278422273786,-0.03236797274275993,-0.06885758998435054,0.15384615384615374,-0.2887788778877888,-0.10836762688614543,-0.11187607573149738,-0.09320905459387485,0.4463157894736842,-0.08333333333333337,0.004464285714285587,-0.23076923076923073,-0.006666666666666599,-0.08041237113402055
2020-08-01,58.4,60.6,61.5,42.3,65.0,50.3,69.1,71.1,48.6,70.4,62.9,35.4,46.9,0.028169014084507005,0.018487394957983128,-0.2264150943396226,-0.018561484918793614,0.0,-0.025193798449612448,0.014684287812041008,0.034934497816593746,0.02748414376321362,0.04296296296296309,0.031147540983606614,0.18791946308724827,0.05156950672645744,-0.034710743801652955,-0.04265402843601884,-0.047987616099071095,-0.2806122448979592,-0.114441416893733,-0.1312607944732297,-0.13408521303258147,0.37790697674418583,-0.031872509960159334,-0.020862308762169657,-0.23105134474327627,-0.18620689655172418,-0.012631578947368438
2020-09-01,60.8,64.7,64.1,48.5,71.2,57.1,59.5,69.8,52.8,77.8,68.7,46.2,44.7,0.041095890410958846,0.06765676567656764,0.042276422764227606,0.14657210401891252,0.0953846153846154,0.13518886679920494,-0.1389290882778581,-0.01828410689170179,0.08641975308641969,0.10511363636363624,0.09220985691573924,0.30508474576271194,-0.046908315565031944,0.05372616984402079,0.05032467532467533,-0.07369942196531809,-0.16089965397923867,-0.025991792065663377,-0.006956521739130417,-0.2272727272727273,0.4633123689727461,0.029239766081871288,0.03183023872679036,-0.13147914032869779,0.23529411764705888,0.11750000000000016
2020-10-01,61.8,63.7,54.5,48.0,66.1,55.7,64.3,69.3,54.2,77.6,71.3,40.3,54.0,0.016447368421052655,-0.015455950540958274,-0.14976599063962548,-0.010309278350515427,-0.07162921348314621,-0.024518388791593626,0.08067226890756296,-0.007163323782234943,0.026515151515151603,-0.0025706940874036244,0.03784570596797665,-0.12770562770562777,0.20805369127516782,-0.004830917874396157,-0.010869565217391353,-0.2544459644322845,-0.06614785992217898,-0.11984021304926762,-0.09135399673735722,-0.20420792079207917,0.08791208791208782,0.014981273408239737,0.07479224376731297,-0.024623803009575895,-0.06712962962962976,0.14164904862579286
2020-11-01,63.3,65.3,59.1,49.1,71.5,56.1,69.7,68.7,57.2,80.1,75.0,46.9,49.9,0.024271844660194164,0.02511773940345363,0.08440366972477076,0.022916666666666696,0.08169440242057502,0.007181328545780907,0.08398133748056003,-0.008658008658008587,0.05535055350553497,0.03221649484536093,0.051893408134642494,0.16377171215880892,-0.07592592592592595,0.04283360790774293,0.09380234505862628,-0.1520803443328551,-0.04844961240310075,-0.041554959785522705,-0.053962900505902134,-0.11435832274459978,0.0,0.04570383912248621,0.12658227848101267,0.01902173913043481,0.2118863049095605,0.17966903073286056
2020-12-01,58.4,56.9,46.7,42.4,62.6,52.1,72.0,63.7,49.5,69.2,73.5,41.0,49.7,-0.07740916271721954,-0.12863705972434913,-0.209813874788494,-0.13645621181262735,-0.12447552447552446,-0.071301247771836,0.03299856527977041,-0.07278020378457062,-0.1346153846153847,-0.13607990012484383,-0.020000000000000018,-0.12579957356076754,-0.004008016032064021,0.026362038664323295,-0.10110584518167454,-0.06786427145708585,0.031630170316301554,-0.08076358296622599,0.05679513184584195,-0.08396946564885488,-0.0741279069767441,0.10738255033557031,0.2097902097902098,0.1119515885022695,0.9431279620853079,0.24250000000000016
2021-01-01,56.8,60.0,49.3,43.0,58.8,49.2,77.5,62.9,52.6,71.7,67.7,31.4,41.4,-0.0273972602739726,0.054481546572934914,0.05567451820128477,0.014150943396226356,-0.060702875399361034,-0.05566218809980805,0.07638888888888884,-0.012558869701726927,0.06262626262626259,0.036127167630057855,-0.07891156462585025,-0.23414634146341462,-0.1670020120724347,0.012477718360071277,0.023890784982935065,-0.26745913818722145,-0.03153153153153154,-0.1340206185567011,-0.052023121387283155,-0.039653035935563796,-0.14769647696476962,0.16629711751662968,0.31801470588235303,0.10081300813008132,0.19391634980988592,0.19653179190751446
2021-02-01,57.9,62.8,56.7,49.8,69.1,53.5,77.3,55.5,50.6,75.3,67.1,33.4,46.3,0.01936619718309851,0.046666666666666634,0.15010141987829617,0.1581395348837209,0.1751700680272108,0.08739837398373984,-0.002580645161290307,-0.11764705882352944,-0.03802281368821292,0.05020920502092041,-0.00886262924667669,0.06369426751592355,0.11835748792270517,-0.025252525252525304,0.04318936877076407,-0.02577319587628868,0.13439635535307515,-0.06241519674355511,-0.001865671641791078,-0.03495630461922594,-0.2226890756302522,0.07659574468085117,0.20673076923076916,-0.07956104252400564,-0.1093333333333334,0.16331658291457285
2021-03-01,64.2,63.9,68.8,50.7,71.7,57.7,73.8,70.3,56.1,77.4,76.3,54.8,50.3,0.10880829015544058,0.01751592356687892,0.21340388007054667,0.01807228915662673,0.0376266280752533,0.07850467289719631,-0.04527813712807249,0.2666666666666666,0.10869565217391308,0.02788844621513964,0.1371087928464978,0.6407185628742516,0.08639308855291583,0.2441860465116279,0.1492805755395683,0.28358208955223874,0.7665505226480838,0.04063860667634245,0.14484126984127,0.04237288135593231,0.0262773722627736,0.4095477386934674,0.8384798099762472,0.3042735042735043,1.115830115830116,0.6546052631578947
2021-04-01,63.2,64.8,65.7,52.4,73.0,55.9,73.1,75.4,52.1,74.7,66.0,39.1,53.7,-0.015576323987538943,0.014084507042253502,-0.04505813953488369,0.0335305719921104,0.018131101813110062,-0.03119584055459279,-0.009485094850948506,0.07254623044096742,-0.071301247771836,-0.03488372093023262,-0.13499344692005244,-0.28649635036496346,0.06759443339960258,0.5047619047619047,0.08542713567839177,inf,11.476190476190474,0.21869782971619367,-0.02951388888888895,0.582251082251082,0.08802308802308811,0.6435331230283912,2.3200000000000003,1.6294820717131473,inf,1.671641791044776
2021-05-01,61.1,59.1,52.3,52.3,74.0,50.2,75.4,71.7,50.5,68.9,71.2,44.6,49.8,-0.03322784810126589,-0.08796296296296291,-0.20395738203957392,-0.001908396946564861,0.013698630136986356,-0.10196779964221814,0.03146374829001375,-0.049071618037135334,-0.030710172744721764,-0.07764390896921014,0.07878787878787885,0.14066496163682873,-0.07262569832402244,0.3168103448275863,0.03684210526315801,-0.15916398713826374,1.9382022471910108,0.1384615384615384,-0.07550644567219145,0.32280701754385976,0.13809523809523805,0.3873626373626373,0.7896103896103897,0.8256410256410258,6.193548387096774,0.5709779179810726
2021-06-01,64.5,63.2,64.2,62.1,72.5,59.8,73.6,69.6,54.3,74.2,74.8,51.9,56.0,0.0556464811783961,0.0693739424703892,0.22753346080305947,0.18738049713193128,-0.020270270270270285,0.191235059760956,-0.023872679045092937,-0.029288702928870425,0.07524752475247509,0.07692307692307687,0.050561797752809,0.16367713004484297,0.12449799196787148,0.21013133208255175,0.0515806988352745,-0.33882595262615856,0.642857142857143,0.06461086637298097,0.1390476190476191,0.09361069836552738,0.16387959866220725,0.16523605150214582,0.20064724919093857,0.5454545454545454,1.2565217391304349,0.2993039443155452
2021-07-01,63.7,62.2,55.7,58.4,77.7,56.5,72.1,70.2,52.4,77.2,77.4,41.1,54.8,-0.012403100775193798,-0.015822784810126556,-0.13239875389408096,-0.05958132045088571,0.07172413793103449,-0.05518394648829428,-0.020380434782608647,0.008620689655172598,-0.03499079189686927,0.040431266846361114,0.03475935828877019,-0.20809248554913284,-0.021428571428571463,0.12147887323943674,0.04537815126050426,-0.29937106918238987,0.3549883990719256,0.1953846153846155,0.09496124031007747,0.058737151248164476,0.02183406113537112,0.10782241014799165,0.14370370370370367,0.26885245901639343,0.3791946308724832,0.22869955156950672
2021-08-01,64.0,65.7,60.7,54.4,72.4,57.4,75.4,63.5,56.0,79.8,76.6,47.7,55.3,0.0047095761381474865,0.0562700964630225,0.08976660682226201,-0.06849315068493156,-0.06821106821106815,0.015929203539823078,0.04576976421636636,-0.09544159544159547,0.06870229007633588,0.033678756476683835,-0.010335917312661591,0.16058394160583944,0.009124087591240837,0.09589041095890405,0.08415841584158423,-0.01300813008130075,0.28605200945626486,0.11384615384615393,0.14115308151093453,0.09117221418234456,-0.10689170182841057,0.15226337448559657,0.13352272727272707,0.217806041335453,0.34745762711864425,0.17910447761194037
2021-09-01,66.3,68.5,66.1,60.6,78.5,60.1,75.8,64.9,60.0,79.1,80.1,55.0,53.6,0.035937499999999956,0.0426179604261796,0.08896210873146604,0.11397058823529416,0.08425414364640882,0.04703832752613235,0.0053050397877982824,0.022047244094488327,0.0714285714285714,-0.00877192982456143,0.04569190600522188,0.1530398322851152,-0.030741410488245857,0.09046052631578938,0.05873261205564129,0.03120124804992197,0.24948453608247423,0.1025280898876404,0.0525394045534151,0.2739495798319327,-0.07020057306590244,0.13636363636363646,0.01670951156812328,0.1659388646288209,0.19047619047619047,0.19910514541387014
2021-10-01,64.3,63.7,59.9,54.8,75.4,56.4,77.4,64.2,55.2,78.6,80.2,50.8,54.7,-0.0301659125188537,-0.07007299270072986,-0.09379727685325256,-0.09570957095709576,-0.03949044585987249,-0.061564059900166446,0.02110817941952514,-0.01078582434514641,-0.07999999999999996,-0.006321112515802807,0.0012484394506866447,-0.07636363636363641,0.020522388059701413,0.040453074433656866,0.0,0.09908256880733934,0.1416666666666666,0.14069591527987924,0.012567324955116588,0.2037325038880251,-0.07359307359307354,0.01845018450184499,0.012886597938144284,0.12482468443197758,0.26054590570719616,0.012962962962963065
2021-11-01,68.4,66.6,62.9,59.1,79.5,62.7,77.5,73.6,60.1,81.5,83.1,60.2,54.1,0.0637636080870918,0.04552590266875978,0.05008347245409017,0.07846715328467169,0.054376657824933616,0.11170212765957466,0.0012919896640826156,0.14641744548286595,0.08876811594202905,0.03689567430025442,0.036159600997506036,0.18503937007874027,-0.010968921389396757,0.08056872037914697,0.019908116385911168,0.06429780033840937,0.20366598778004064,0.11188811188811187,0.11764705882352944,0.11190817790530838,0.07132459970887917,0.05069930069930062,0.017478152309613026,0.10799999999999987,0.28358208955223896,0.08416833667334678
2021-12-01,64.0,65.3,53.0,47.4,70.0,56.1,79.2,70.8,51.5,70.2,77.3,49.8,51.9,-0.06432748538011701,-0.019519519519519468,-0.1573926868044515,-0.19796954314720816,-0.11949685534591192,-0.10526315789473684,0.021935483870967776,-0.03804347826086951,-0.14309484193011646,-0.13865030674846623,-0.06979542719614917,-0.1727574750830566,-0.04066543438077641,0.09589041095890405,0.14762741652021094,0.13490364025695922,0.11792452830188682,0.11821086261980818,0.07677543186180413,0.10000000000000009,0.1114599686028257,0.04040404040404044,0.014450867052023142,0.05170068027210872,0.21463414634146338,0.044265593561368055
2022-01-01,57.5,58.5,50.6,38.1,69.8,56.3,77.2,73.1,46.8,67.9,65.3,22.5,41.1,-0.1015625,-0.1041347626339969,-0.04528301886792452,-0.19620253164556956,-0.0028571428571428914,0.0035650623885916666,-0.025252525252525304,0.03248587570621475,-0.09126213592233012,-0.03276353276353272,-0.15523932729624834,-0.5481927710843373,-0.20809248554913284,0.012323943661971981,-0.025000000000000022,0.026369168356997985,-0.11395348837209296,0.18707482993197289,0.14430894308943087,-0.003870967741935405,0.16216216216216206,-0.11026615969581754,-0.052998605299860446,-0.03545051698670609,-0.2834394904458598,-0.007246376811594124
2022-02-01,64.0,65.4,66.4,58.1,77.9,63.6,69.1,71.9,54.7,76.1,65.6,51.6,52.3,0.11304347826086958,0.11794871794871797,0.31225296442687744,0.5249343832020996,0.1160458452722064,0.12966252220248675,-0.10492227979274626,-0.01641586867305045,0.16880341880341887,0.12076583210603808,0.004594180704440953,1.2933333333333334,0.2725060827250607,0.10535405872193437,0.04140127388535042,0.17107583774250434,0.16666666666666674,0.12735166425470346,0.188785046728972,-0.10608020698576981,0.2954954954954956,0.0810276679841897,0.010624169986719778,-0.02235469448584204,0.5449101796407188,0.12958963282937375
2022-03-01,66.7,64.4,66.3,53.4,77.4,64.6,71.9,75.9,59.7,76.5,76.1,59.5,53.8,0.042187500000000044,-0.015290519877675823,-0.001506024096385672,-0.08089500860585208,-0.006418485237484006,0.015723270440251458,0.0405209840810421,0.0556328233657859,0.09140767824497265,0.005256241787122251,0.16006097560975618,0.1531007751937985,0.028680688336520044,0.0389408099688473,0.007824726134585402,-0.036337209302325535,0.05325443786982231,0.07949790794979084,0.11958405545927198,-0.025745257452574388,0.07965860597439556,0.06417112299465244,-0.011627906976744207,-0.002621231979030192,0.08576642335766427,0.06958250497017904
2022-04-01,67.1,66.0,58.8,55.0,76.4,58.9,81.4,73.3,59.9,79.4,68.7,56.9,61.1,0.0059970014992503096,0.024844720496894235,-0.1131221719457014,0.029962546816479474,-0.012919896640826822,-0.08823529411764697,0.13212795549374134,-0.03425559947299084,0.003350083752093669,0.03790849673202623,-0.09724047306176076,-0.043697478991596705,0.1356877323420076,0.061708860759493556,0.0185185185185186,-0.10502283105022836,0.04961832061068705,0.046575342465753566,0.05366726296958846,0.11354309165526688,-0.02785145888594176,0.14971209213051817,0.06291834002677388,0.040909090909091006,0.455242966751918,0.13780260707635006
2022-05-01,68.0,64.8,61.5,59.5,78.0,61.7,81.3,74.3,55.4,81.4,81.8,57.1,57.1,0.013412816691505292,-0.018181818181818188,0.04591836734693877,0.08181818181818179,0.020942408376963373,0.04753820033955858,-0.0012285012285013774,0.013642564802182733,-0.07512520868113526,0.025188916876574208,0.19068413391557493,0.0035149384885764245,-0.0654664484451718,0.11292962356792136,0.09644670050761417,0.17590822179732313,0.13766730401529648,0.054054054054053946,0.22908366533864544,0.07824933687002633,0.036262203626220346,0.0970297029702969,0.1814223512336719,0.148876404494382,0.28026905829596416,0.14658634538152615
2022-06-01,69.5,65.4,55.9,67.6,78.4,64.1,81.2,73.3,55.6,82.7,87.2,59.8,59.8,0.022058823529411686,0.0092592592592593,-0.0910569105691057,0.13613445378151257,0.00512820512820511,0.03889789303079394,-0.0012300123001229846,-0.013458950201884257,0.0036101083032491488,0.01597051597051591,0.0660146699266504,0.04728546409807355,0.04728546409807355,0.07751937984496116,0.034810126582278444,-0.12928348909657328,0.08856682769726243,0.0813793103448277,0.07190635451505023,0.10326086956521752,0.053160919540229834,0.023941068139963217,0.11455525606469008,0.1657754010695187,0.1522157996146436,0.06785714285714284
2022-07-01,67.9,63.6,65.1,63.8,81.4,64.1,78.3,68.9,53.8,81.1,84.4,54.0,63.2,-0.02302158273381283,-0.02752293577981657,0.16457960644007152,-0.056213017751479244,0.03826530612244894,0.0,-0.03571428571428581,-0.0600272851296042,-0.03237410071942448,-0.0193470374848852,-0.032110091743119185,-0.09698996655518388,0.056856187290970084,0.06593406593406592,0.022508038585209,0.16876122082585265,0.09246575342465757,0.04761904761904767,0.13451327433628313,0.0859916782246879,-0.01851851851851849,0.026717557251908275,0.050518134715025864,0.0904392764857882,0.3138686131386861,0.15328467153284686
2022-08-01,69.6,67.4,64.1,64.5,77.6,65.2,80.7,69.4,57.0,83.8,83.3,65.3,61.9,0.025036818851251752,0.05974842767295607,-0.015360983102918557,0.010971786833855912,-0.04668304668304679,0.01716068642745716,0.03065134099616862,0.007256894049346929,0.059479553903345694,0.03329223181257701,-0.013033175355450344,0.20925925925925926,-0.020569620253164667,0.08749999999999991,0.025875190258751957,0.05601317957166385,0.18566176470588247,0.07182320441988943,0.13588850174216027,0.07029177718832891,0.09291338582677167,0.017857142857142794,0.05012531328320802,0.08746736292428192,0.36897274633123667,0.11934900542495486
2022-09-01,68.6,68.6,63.5,62.6,78.5,65.9,77.9,69.8,55.3,83.3,81.4,65.6,56.3,-0.014367816091954033,0.01780415430267035,-0.009360374414976502,-0.029457364341085257,0.011597938144330078,0.010736196319018454,-0.034696406443618266,0.0057636887608067955,-0.029824561403508865,-0.005966587112171795,-0.02280912364945964,0.004594180704440953,-0.0904684975767367,0.034690799396681626,0.0014598540145984717,-0.03933434190620266,0.03300330033003296,0.0,0.09650582362728799,0.027704485488126762,0.07550077041602443,-0.07833333333333337,0.053097345132743445,0.01622971285892638,0.19272727272727264,0.050373134328358216
2022-10-01,66.7,62.5,57.5,53.0,75.2,56.2,72.4,71.3,56.9,79.8,89.6,62.3,54.8,-0.027696793002915276,-0.08892128279883371,-0.09448818897637801,-0.15335463258785942,-0.042038216560509545,-0.14719271623672237,-0.07060333761232351,0.02148997134670494,0.02893309222423146,-0.04201680672268904,0.10073710073710052,-0.05030487804878048,-0.026642984014209614,0.03732503888024885,-0.01883830455259028,-0.04006677796327207,-0.03284671532846706,-0.0026525198938992522,-0.0035460992907800915,-0.06459948320413433,0.11059190031152633,0.030797101449275388,0.01526717557251911,0.11720698254364081,0.22637795275590555,0.001828153564899404
2022-11-01,68.9,68.2,65.7,56.3,73.4,59.2,79.0,74.4,56.6,80.7,86.8,66.2,54.3,0.03298350824587715,0.09119999999999995,0.14260869565217393,0.0622641509433961,-0.02393617021276595,0.053380782918149405,0.09116022099447507,0.04347826086956541,-0.005272407732864637,0.011278195488721776,-0.03125,0.06260032102728741,-0.009124087591240837,0.007309941520467822,0.02402402402402415,0.044515103338632844,-0.04737732656514393,-0.07672955974842766,-0.05582137161084533,0.019354838709677358,0.010869565217391353,-0.05823627287853572,-0.009815950920245342,0.044524669073405576,0.09966777408637872,0.003696857670979492
2022-12-01,63.8,63.9,52.6,43.7,67.6,51.6,85.1,70.6,47.2,69.8,81.3,44.9,54.6,-0.0740203193033383,-0.06304985337243407,-0.19939117199391176,-0.22380106571936043,-0.07901907356948246,-0.1283783783783784,0.07721518987341769,-0.05107526881720448,-0.16607773851590102,-0.13506815365551428,-0.06336405529953915,-0.32175226586102723,0.005524861878453136,-0.0031250000000000444,-0.02143950995405819,-0.007547169811320753,-0.07805907172995774,-0.034285714285714364,-0.0802139037433155,0.07449494949494939,-0.0028248587570621764,-0.08349514563106786,-0.005698005698005826,0.05174644243208282,-0.09839357429718876,0.052023121387283267
2023-01-01,62.0,60.4,55.7,41.0,76.4,57.9,84.1,72.1,52.2,68.3,81.7,31.0,45.3,-0.028213166144200552,-0.05477308294209704,0.05893536121673004,-0.06178489702517165,0.13017751479289963,0.12209302325581395,-0.011750881316098694,0.021246458923512845,0.10593220338983045,-0.021489971346704828,0.00492004920049216,-0.309576837416481,-0.1703296703296704,0.07826086956521738,0.03247863247863236,0.10079051383399218,0.07611548556430447,0.09455587392550147,0.02841918294849033,0.08937823834196879,-0.013679890560875485,0.11538461538461542,0.00589101620029453,0.2511485451761104,0.37777777777777777,0.10218978102189769
2023-02-01,65.0,59.3,51.7,52.4,77.2,59.6,86.0,74.2,53.7,74.4,74.5,60.5,52.2,0.048387096774193505,-0.018211920529801362,-0.07181328545780974,0.2780487804878049,0.010471204188481575,0.029360967184801412,0.022592152199762294,0.02912621359223322,0.028735632183908066,0.08931185944363107,-0.08812729498164018,0.9516129032258065,0.1523178807947021,0.015625,-0.0932721712538227,-0.22138554216867468,-0.09810671256454395,-0.00898587933247752,-0.06289308176100628,0.24457308248914633,0.03198887343532686,-0.018281535648994485,-0.02233902759526929,0.13567073170731714,0.17248062015503862,-0.0019120458891012104
2023-03-01,67.3,61.3,61.3,52.5,76.9,62.5,85.1,72.1,58.0,76.3,77.2,72.5,57.3,0.03538461538461535,0.033726812816188945,0.18568665377176008,0.001908396946564972,-0.0038860103626943143,0.04865771812080544,-0.010465116279069875,-0.028301886792452935,0.08007448789571692,0.025537634408602017,0.03624161073825505,0.19834710743801653,0.09770114942528729,0.008995502248875464,-0.04813664596273304,-0.07541478129713419,-0.016853932584269593,-0.006459948320413411,-0.03250773993808043,0.1835883171070931,-0.05006587615283287,-0.028475711892797406,-0.002614379084967311,0.014454664914586246,0.21848739495798308,0.06505576208178443
2023-04-01,68.9,62.7,63.3,53.9,74.6,60.6,86.8,77.0,56.8,72.3,82.0,66.6,61.0,0.02377414561664204,0.022838499184339334,0.03262642740619892,0.026666666666666616,-0.0299089726918077,-0.030399999999999983,0.0199764982373678,0.06796116504854388,-0.020689655172413834,-0.05242463958060284,0.06217616580310881,-0.0813793103448277,0.06457242582897038,0.026825633383010583,-0.04999999999999993,0.07653061224489788,-0.020000000000000018,-0.023560209424083878,0.028862478777589073,0.06633906633906617,0.05047748976807642,-0.05175292153589317,-0.08942065491183893,0.19359534206695783,0.1704745166959578,-0.0016366612111292644
2023-05-01,67.8,64.6,65.5,58.0,78.7,58.1,83.1,74.5,55.9,72.7,81.7,62.4,56.3,-0.01596516690856331,0.030303030303030276,0.034755134281200695,0.07606679035250474,0.05495978552278835,-0.041254125412541254,-0.04262672811059909,-0.03246753246753242,-0.015845070422535135,0.0055325034578146415,-0.003658536585365857,-0.06306306306306297,-0.0770491803278689,-0.002941176470588225,-0.0030864197530864335,0.06504065040650397,-0.025210084033613467,0.008974358974358942,-0.05834683954619124,0.022140221402213944,0.0026917900403768957,0.00902527075812265,-0.10687960687960696,-0.0012224938875304847,0.09281961471103317,-0.014010507880910739
2023-06-01,68.6,64.2,56.8,64.4,77.4,61.2,82.4,74.7,55.4,74.4,81.0,64.9,60.1,0.01179941002949847,-0.006191950464396134,-0.13282442748091605,0.1103448275862069,-0.016518424396442133,0.05335628227194489,-0.008423586040914421,0.0026845637583892135,-0.008944543828264706,0.023383768913342484,-0.008567931456548328,0.040064102564102644,0.06749555950266428,-0.012949640287769904,-0.01834862385321101,0.01610017889087656,-0.04733727810650867,-0.012755102040816313,-0.04524180967238678,0.014778325123152802,0.019099590723056004,-0.003597122302158362,-0.10036275695284158,-0.07110091743119273,0.0852842809364549,0.0050167224080268635
2023-07-01,65.0,61.3,59.1,63.2,77.4,60.2,82.3,73.6,55.4,71.7,66.5,57.9,56.5,-0.052478134110787056,-0.04517133956386299,0.040492957746478986,-0.018633540372670843,0.0,-0.016339869281045805,-0.0012135922330097637,-0.014725568942436484,0.0,-0.03629032258064524,-0.17901234567901236,-0.10785824345146389,-0.05990016638935114,-0.042709867452135564,-0.036163522012578664,-0.09216589861751145,-0.00940438871473348,-0.0491400491400491,-0.060842433697347764,0.05108556832694755,0.0682148040638606,0.029739776951672958,-0.1159062885326756,-0.2120853080568721,0.07222222222222219,-0.10601265822784811
2023-08-01,67.9,64.5,59.7,59.3,79.8,60.0,72.2,70.4,57.1,77.8,78.7,74.3,61.2,0.04461538461538472,0.05220228384991854,0.010152284263959421,-0.06170886075949378,0.03100775193798433,-0.0033222591362126463,-0.12272174969623317,-0.04347826086956508,0.03068592057761732,0.08507670850767068,0.18345864661654132,0.2832469775474957,0.08318584070796464,-0.024425287356321657,-0.043026706231454104,-0.06864274570982831,-0.08062015503875974,0.028350515463917647,-0.07975460122699396,-0.10532837670384143,0.014409221902017322,0.0017543859649122862,-0.0715990453460621,-0.055222088835534144,0.13782542113323126,-0.011308562197091976
2023-09-01,67.9,62.4,52.6,59.1,77.4,62.4,82.0,75.5,60.0,76.3,85.0,68.6,51.0,0.0,-0.032558139534883734,-0.11892797319933002,-0.003372681281618828,-0.0300751879699247,0.040000000000000036,0.1357340720221607,0.07244318181818166,0.05078809106830118,-0.019280205655527016,0.08005082592121981,-0.07671601615074031,-0.16666666666666674,-0.01020408163265285,-0.09037900874635563,-0.1716535433070866,-0.05591054313099042,-0.01401273885350307,-0.05311077389984831,0.05263157894736836,0.08166189111747846,0.08499095840867987,-0.08403361344537819,0.04422604422604426,0.0457317073170731,-0.0941385435168739
2023-10-01,65.3,59.6,48.2,55.8,76.4,56.4,72.1,70.7,57.8,72.9,84.5,61.0,55.4,-0.038291605301914666,-0.04487179487179482,-0.08365019011406838,-0.055837563451776706,-0.012919896640826822,-0.09615384615384615,-0.12073170731707328,-0.06357615894039736,-0.036666666666666736,-0.044560943643512374,-0.00588235294117645,-0.11078717201166177,0.08627450980392148,-0.020989505247376417,-0.0464,-0.1617391304347826,0.05283018867924527,0.015957446808510634,0.003558718861209842,-0.004143646408839907,-0.008415147265077083,0.01581722319859402,-0.08646616541353369,-0.056919642857142794,-0.020866773675762396,0.010948905109489093
2023-11-01,66.4,65.2,56.2,59.1,72.7,54.8,84.7,71.4,56.8,74.3,79.4,68.3,50.3,0.016845329249617347,0.09395973154362425,0.1659751037344399,0.05913978494623673,-0.048429319371727786,-0.028368794326241176,0.1747572815533982,0.00990099009900991,-0.01730103806228378,0.019204389574759784,-0.06035502958579875,0.11967213114754083,-0.09205776173285196,-0.036284470246734424,-0.04398826979472137,-0.14459665144596656,0.04973357015985802,-0.0095367847411445,-0.07432432432432445,0.07215189873417716,-0.040322580645161255,0.0035335689045936647,-0.0793060718711277,-0.08525345622119807,0.031722054380664666,-0.07366482504604055
2023-12-01,54.9,57.4,44.0,39.9,67.3,44.2,85.0,58.2,46.5,60.8,64.5,42.6,37.9,-0.1731927710843374,-0.11963190184049088,-0.2170818505338079,-0.3248730964467006,-0.07427785419532329,-0.1934306569343065,0.0035419126328217754,-0.18487394957983194,-0.181338028169014,-0.18169582772543746,-0.1876574307304787,-0.37628111273792086,-0.2465208747514911,-0.13949843260188088,-0.10172143974960879,-0.16349809885931565,-0.08695652173913049,-0.004437869822485174,-0.14341085271317822,-0.001175088131609825,-0.17563739376770526,-0.014830508474576343,-0.1289398280802292,-0.20664206642066418,-0.05122494432071267,-0.3058608058608059
2024-01-01,54.4,57.7,50.5,36.7,69.8,53.9,81.1,57.1,43.5,57.0,76.3,25.7,33.4,-0.00910746812386154,0.005226480836237002,0.1477272727272727,-0.08020050125313272,0.03714710252600306,0.21945701357466052,-0.045882352941176485,-0.018900343642611728,-0.06451612903225812,-0.0625,0.1829457364341085,-0.39671361502347424,-0.1187335092348285,-0.1225806451612903,-0.04470198675496684,-0.09335727109515268,-0.10487804878048779,-0.08638743455497389,-0.06908462867012088,-0.0356718192627824,-0.20804438280166426,-0.16666666666666674,-0.16544655929721808,-0.06609547123623016,-0.17096774193548392,-0.26269315673289184
2024-02-01,57.4,58.1,52.2,45.6,75.4,51.3,77.0,67.8,45.9,59.6,66.5,47.3,37.3,0.05514705882352944,0.006932409012131657,0.03366336633663369,0.24250681198910073,0.08022922636103158,-0.048237476808905444,-0.05055487053020957,0.18739054290718027,0.055172413793103336,0.04561403508771922,-0.12844036697247707,0.8404669260700388,0.11676646706586813,-0.11692307692307691,-0.0202360876897133,0.009671179883945946,-0.1297709923664122,-0.023316062176165775,-0.13926174496644306,-0.10465116279069764,-0.08625336927223726,-0.14525139664804476,-0.19892473118279574,-0.10738255033557043,-0.21818181818181825,-0.28544061302682
2024-03-01,53.2,54.5,50.5,38.5,63.5,48.3,77.7,64.9,44.1,47.2,50.0,50.8,38.0,-0.07317073170731703,-0.061962134251290935,-0.03256704980842917,-0.1557017543859649,-0.15782493368700268,-0.05847953216374269,0.009090909090909038,-0.042772861356932035,-0.039215686274509776,-0.2080536912751677,-0.24812030075187974,0.07399577167019022,0.018766756032171594,-0.20950965824665668,-0.11092985318107662,-0.17618270799347469,-0.2666666666666667,-0.17425227568270485,-0.22720000000000007,-0.08695652173913038,-0.09986130374479874,-0.23965517241379308,-0.3813892529488859,-0.3523316062176166,-0.2993103448275862,-0.3368237347294939
2024-04-01,56.5,57.9,52.0,37.7,69.5,49.9,80.1,63.3,42.4,42.7,63.7,52.6,44.5,0.06203007518796988,0.062385321100917324,0.02970297029702973,-0.020779220779220675,0.09448818897637801,0.0331262939958592,0.030888030888030826,-0.024653312788906145,-0.03854875283446724,-0.09533898305084743,0.274,0.03543307086614189,0.17105263157894735,-0.17997097242380267,-0.07655502392344504,-0.17851500789889407,-0.3005565862708719,-0.06836461126005355,-0.17656765676567665,-0.07718894009216593,-0.17792207792207793,-0.2535211267605634,-0.4094052558782849,-0.22317073170731705,-0.21021021021021014,-0.2704918032786885
2024-05-01,56.7,59.4,53.0,41.4,60.5,46.0,81.7,67.7,41.6,47.2,61.3,45.5,45.3,0.0035398230088496963,0.02590673575129543,0.019230769230769162,0.09814323607427045,-0.1294964028776978,-0.07815631262525047,0.019975031210986316,0.06951026856240139,-0.01886792452830177,0.10538641686182659,-0.03767660910518067,-0.13498098859315588,0.017977528089887507,-0.16371681415929196,-0.08049535603715163,-0.19083969465648853,-0.28620689655172415,-0.23125794155019064,-0.20826161790017217,-0.016847172081829065,-0.09127516778523481,-0.2558139534883721,-0.3507565337001375,-0.24969400244798046,-0.27083333333333337,-0.19538188277087032
2024-06-01,54.3,59.4,35.4,43.9,60.4,41.3,78.4,66.3,39.4,46.8,56.6,39.0,42.0,-0.04232804232804244,0.0,-0.33207547169811324,0.06038647342995174,-0.0016528925619835322,-0.10217391304347834,-0.04039167686658507,-0.020679468242245314,-0.05288461538461542,-0.008474576271186529,-0.07667210440456762,-0.1428571428571429,-0.07284768211920523,-0.20845481049562675,-0.07476635514018692,-0.37676056338028163,-0.31832298136645976,-0.21963824289405698,-0.3251633986928105,-0.04854368932038833,-0.11244979919678721,-0.2888086642599278,-0.370967741935484,-0.3012345679012346,-0.3990755007704161,-0.3011647254575708
2024-07-01,59.5,65.4,47.9,49.0,60.3,48.8,80.7,65.7,44.0,52.3,61.5,52.2,51.1,0.09576427255985265,0.10101010101010122,0.3531073446327684,0.11617312072892938,-0.0016556291390729116,0.18159806295399528,0.029336734693877542,-0.009049773755656076,0.11675126903553301,0.11752136752136755,0.08657243816254412,0.3384615384615386,0.21666666666666679,-0.08461538461538465,0.06688417618270814,-0.18950930626057538,-0.22468354430379756,-0.2209302325581396,-0.18936877076411973,-0.019441069258809174,-0.10733695652173902,-0.20577617328519848,-0.27057182705718275,-0.07518796992481203,-0.09844559585492219,-0.09557522123893802
2024-08-01,61.2,64.5,54.4,50.4,65.5,51.4,79.7,64.4,48.7,61.7,66.8,59.9,50.8,0.028571428571428692,-0.013761467889908396,0.13569937369519836,0.02857142857142847,0.0862354892205639,0.05327868852459017,-0.012391573729863659,-0.019786910197869045,0.10681818181818192,0.179732313575526,0.08617886178861789,0.14750957854406122,-0.005870841487279899,-0.09867452135493371,0.0,-0.08877721943048578,-0.1500843170320405,-0.1791979949874687,-0.1433333333333333,0.10387811634349031,-0.08522727272727271,-0.1471103327495621,-0.2069408740359896,-0.15120711562897082,-0.19380888290713327,-0.16993464052287588
2024-09-01,62.2,68.2,48.7,51.3,68.3,56.1,78.5,65.7,49.9,64.2,72.4,59.6,43.9,0.016339869281045694,0.05736434108527133,-0.10477941176470584,0.017857142857142794,0.04274809160305337,0.09143968871595343,-0.01505646173149311,0.020186335403726607,0.024640657084188833,0.04051863857374394,0.08383233532934153,-0.005008347245408995,-0.1358267716535433,-0.08394698085419738,0.09294871794871806,-0.07414448669201523,-0.13197969543147214,-0.11757105943152468,-0.10096153846153844,-0.04268292682926833,-0.12980132450331117,-0.16833333333333333,-0.1585845347313236,-0.14823529411764702,-0.1311953352769678,-0.13921568627450986
2024-10-01,63.0,69.5,48.9,47.8,72.9,57.8,79.1,63.5,48.9,63.1,68.9,61.2,50.7,0.012861736334405016,0.019061583577712593,0.004106776180698102,-0.06822612085769986,0.067349926793558,0.030303030303030276,0.007643312101910826,-0.0334855403348554,-0.02004008016032066,-0.017133956386292892,-0.048342541436464104,0.02684563758389258,0.15489749430523925,-0.03522205206738127,0.16610738255033564,0.014522821576763434,-0.14336917562724016,-0.04581151832460728,0.024822695035460862,0.09708737864077666,-0.10183875530410191,-0.1539792387543253,-0.1344307270233197,-0.18461538461538451,0.003278688524590123,-0.08483754512635366
2024-11-01,62.3,66.9,47.6,48.2,68.6,53.0,82.1,66.1,46.8,60.6,67.2,64.7,50.0,-0.011111111111111183,-0.037410071942445944,-0.026584867075664542,0.008368200836820217,-0.05898491083676283,-0.08304498269896188,0.03792667509481662,0.04094488188976375,-0.042944785276073705,-0.03961965134706813,-0.02467343976777947,0.05718954248366015,-0.013806706114398493,-0.06174698795180733,0.0260736196319018,-0.15302491103202853,-0.18443316412859556,-0.056396148555708514,-0.03284671532846706,-0.030696576151121757,-0.07422969187675088,-0.176056338028169,-0.18438761776581425,-0.1536523929471033,-0.052708638360175586,-0.005964214711729587
2024-12-01,56.7,65.9,37.2,43.1,57.7,48.1,83.4,64.0,42.0,50.9,52.4,44.2,45.7,-0.08988764044943809,-0.014947683109118093,-0.2184873949579832,-0.10580912863070546,-0.1588921282798833,-0.09245283018867922,0.015834348355663996,-0.03177004538577899,-0.10256410256410253,-0.16006600660066006,-0.22023809523809534,-0.31684698608964446,-0.08599999999999997,0.032786885245901676,0.14808362369338002,-0.15454545454545443,0.08020050125313283,-0.14264487369985135,0.08823529411764697,-0.018823529411764683,0.09965635738831602,-0.09677419354838712,-0.16282894736842102,-0.18759689922480627,0.03755868544600949,0.2058047493403694
2025-01-01,55.0,61.0,40.8,33.9,67.3,52.1,84.6,66.0,39.6,43.3,59.3,34.8,38.1,-0.029982363315696703,-0.07435508345978759,0.09677419354838701,-0.21345707656612534,0.1663778162911611,0.08316008316008316,0.014388489208633004,0.03125,-0.05714285714285716,-0.14931237721021617,0.13167938931297707,-0.21266968325791868,-0.16630196936542674,0.011029411764705843,0.05719237435008662,-0.19207920792079214,-0.07629427792915544,-0.035816618911174825,-0.033395176252319025,0.04315659679408146,0.15586690017513138,-0.08965517241379306,-0.24035087719298254,-0.22280471821756231,0.3540856031128403,0.14071856287425155
2025-02-01,58.6,62.4,49.9,46.4,68.8,52.8,73.9,63.4,46.3,55.0,67.3,54.6,44.0,0.06545454545454543,0.022950819672131084,0.2230392156862746,0.3687315634218289,0.022288261515601704,0.013435700575815668,-0.1264775413711583,-0.039393939393939426,0.16919191919191912,0.27020785219399546,0.13490725126475556,0.5689655172413794,0.1548556430446193,0.020905923344947785,0.07401032702237509,-0.044061302681992376,0.01754385964912264,-0.08753315649867388,0.029239766081871288,-0.04025974025974022,-0.06489675516224191,0.008714596949890963,-0.07718120805369133,0.012030075187969835,0.15433403805496848,0.1796246648793567
2025-03-01,54.4,57.6,41.2,41.0,68.2,48.9,75.8,53.8,42.0,51.7,64.3,48.9,42.8,-0.07167235494880553,-0.07692307692307687,-0.17434869739478953,-0.11637931034482751,-0.008720930232558044,-0.07386363636363635,0.025710419485791558,-0.1514195583596215,-0.09287257019438444,-0.05999999999999994,-0.04457652303120352,-0.10439560439560447,-0.027272727272727337,0.022556390977443552,0.05688073394495419,-0.1841584158415841,0.06493506493506485,0.07401574803149602,0.012422360248447228,-0.024453024453024552,-0.17103235747303558,-0.04761904761904767,0.09533898305084754,0.28600000000000003,-0.03740157480314954,0.12631578947368416
2025-04-01,58.2,61.5,45.7,42.6,67.0,53.8,83.9,56.5,45.2,56.2,63.9,56.8,49.3,0.06985294117647056,0.06770833333333326,0.10922330097087385,0.039024390243902474,-0.01759530791788866,0.10020449897750505,0.10686015831134577,0.05018587360594795,0.07619047619047636,0.08704061895551263,-0.0062208398133747345,0.16155419222903888,0.1518691588785046,0.030088495575221197,0.06217616580310881,-0.12115384615384606,0.12997347480106103,-0.03597122302158273,0.07815631262525047,0.0474406991260925,-0.10742496050552919,0.0660377358490567,0.31615925058548,0.0031397174254317317,0.07984790874524705,0.1078651685393257
2025-05-01,58.6,61.7,41.5,47.4,69.3,53.8,73.3,62.1,44.5,56.2,67.4,56.8,46.0,0.0068728522336769515,0.003252032520325354,-0.0919037199124727,0.11267605633802802,0.03432835820895508,0.0,-0.12634088200238391,0.09911504424778772,-0.015486725663716894,0.0,0.05477308294209715,0.0,-0.06693711967545635,0.0335097001763669,0.03872053872053871,-0.21698113207547165,0.14492753623188404,0.1454545454545455,0.16956521739130426,-0.10281517747858027,-0.08271787296898081,0.06971153846153832,0.19067796610169485,0.09951060358890707,0.24835164835164836,0.015452538631346657
2025-06-01,58.8,62.7,40.2,50.4,68.0,52.8,83.2,64.0,41.7,55.1,64.3,52.0,45.9,0.0034129692832762792,0.01620745542949753,-0.031325301204819245,0.06329113924050622,-0.018759018759018753,-0.018587360594795488,0.1350613915416099,0.03059581320450877,-0.06292134831460672,-0.019572953736654797,-0.0459940652818992,-0.08450704225352113,-0.0021739130434782483,0.08287292817679548,0.05555555555555558,0.13559322033898313,0.14806378132118447,0.1258278145695364,0.2784503631961259,0.061224489795918435,-0.03469079939668174,0.05837563451776662,0.1773504273504274,0.13604240282685498,0.33333333333333326,0.09285714285714275
2025-07-01,58.2,65.2,46.5,44.4,60.6,52.5,81.7,59.9,43.2,57.1,63.9,44.1,48.7,-0.010204081632652962,0.03987240829346095,0.15671641791044766,-0.11904761904761907,-0.10882352941176465,-0.005681818181818121,-0.018028846153846145,-0.06406250000000002,0.03597122302158273,0.0362976406533575,-0.0062208398133747345,-0.15192307692307694,0.061002178649237626,-0.02184873949579824,-0.003058103975535187,-0.029227557411273475,-0.09387755102040818,0.004975124378109541,0.07581967213114771,0.012391573729863659,-0.08828006088280071,-0.018181818181818077,0.09177820267686432,0.039024390243902474,-0.15517241379310343,-0.046966731898238745
2025-08-01,59.4,66.6,46.9,41.5,61.4,50.9,86.1,60.1,42.1,58.5,70.4,53.3,44.4,0.020618556701030855,0.021472392638036686,0.008602150537634357,-0.06531531531531531,0.013201320132013139,-0.030476190476190546,0.05385556915544676,0.0033388981636059967,-0.02546296296296302,0.024518388791593626,0.1017214397496089,0.20861678004535134,-0.0882956878850103,-0.02941176470588247,0.032558139534883734,-0.13786764705882348,-0.17658730158730152,-0.0625954198473283,-0.009727626459143934,0.08030112923462984,-0.06677018633540377,-0.13552361396303902,-0.05186385737439225,0.05389221556886237,-0.11018363939899833,-0.12598425196850394
2025-09-01,61.1,69.2,48.7,37.1,65.0,55.2,88.9,63.7,42.9,58.6,70.4,57.1,43.5,0.028619528619528767,0.03903903903903916,0.03837953091684443,-0.10602409638554211,0.05863192182410426,0.08447937131630656,0.03252032520325221,0.05990016638935103,0.019002375296911955,0.0017094017094017033,0.0,0.07129455909943716,-0.020270270270270285,-0.01768488745980712,0.014662756598240456,0.0,-0.27680311890838205,-0.04831625183016097,-0.016042780748663055,0.132484076433121,-0.030441400304414,-0.14028056112224452,-0.08722741433021808,-0.027624309392265234,-0.04194630872483218,-0.009111617312072884
