periodo,IS_sector_privado_registrado,IS_sector_publico,IS_total_registrado,IS_sector_no_registrado,IS_indice_total,var_im_IS_sector_privado_registrado,var_im_IS_sector_publico,var_im_IS_total_registrado,var_im_IS_sector_no_registrado,var_im_IS_indice_total,var_ia_IS_sector_privado_registrado,var_ia_IS_sector_publico,var_ia_IS_total_registrado,var_ia_IS_sector_no_registrado,var_ia_IS_indice_total
2016-10-01,100.0,100.0,100.0,100.0,100.0,0.0,0.0,0.0,0.0,0.0,0.0,0.0,0.0,0.0,0.0
2016-11-01,101.8,101.22,101.58,100.73,101.41,0.018000000000000016,0.012199999999999989,0.015800000000000036,0.007300000000000084,0.014100000000000001,0.0,0.0,0.0,0.0,0.0
2016-12-01,102.89,102.37,102.69,103.2,102.79,0.010707269155206367,0.011361391029440782,0.010927347903130435,0.0245209967239155,0.013608125431417095,0.0,0.0,0.0,0.0,0.0
2017-01-01,106.34,102.68,104.98,102.0,104.38,0.03353095538925066,0.0030282309270295293,0.02230012659460523,-0.011627906976744207,0.015468430781204301,0.0,0.0,0.0,0.0,0.0
2017-02-01,107.69,103.08,105.97,104.94,105.76,0.012695128832048042,0.0038955979742889557,0.009430367689083674,0.028823529411764692,0.013220923548572516,0.0,0.0,0.0,0.0,0.0
2017-03-01,109.26,107.24,108.5,110.08,108.82,0.014578883833225031,0.040357004268529284,0.02387468151363592,0.04898036973508679,0.028933434190620222,0.0,0.0,0.0,0.0,0.0
2017-04-01,112.93,110.81,112.14,114.61,112.63,0.03358960278235412,0.03328981723237612,0.0335483870967741,0.04115188953488369,0.03501194633339466,0.0,0.0,0.0,0.0,0.0
2017-05-01,115.18,112.28,114.09,115.79,114.43,0.01992384663065616,0.013265950726468745,0.01738897806313533,0.010295785708053451,0.01598153245138967,0.0,0.0,0.0,0.0,0.0
2017-06-01,117.23,115.3,116.51,116.24,116.45,0.017798228859176923,0.026897043106519414,0.02121132439302298,0.00388634597115467,0.01765271344927033,0.0,0.0,0.0,0.0,0.0
2017-07-01,122.8,118.49,121.19,120.74,121.1,0.04751343512752704,0.02766695576756284,0.04016822590335578,0.038713007570543745,0.03993130098754816,0.0,0.0,0.0,0.0,0.0
2017-08-01,124.55,121.54,123.43,126.06,123.95,0.014250814332247508,0.025740568824373478,0.018483373215611998,0.04406162000993885,0.02353426919900925,0.0,0.0,0.0,0.0,0.0
2017-09-01,126.0,123.89,125.21,127.7,125.71,0.011641910879164996,0.019335198288629174,0.014421129385076448,0.013009677931143937,0.014199273900766363,0.0,0.0,0.0,0.0,0.0
2017-10-01,128.23,126.03,127.4,128.5,127.62,0.017698412698412547,0.017273387682621655,0.01749061576551414,0.006264682850430692,0.015193699785220005,0.2823,0.2603,0.274,0.2849999999999999,0.2762
2017-11-01,130.04,127.32,129.03,131.95,129.61,0.014115261639241927,0.01023565817662453,0.012794348508634146,0.02684824902723726,0.015593167215170123,0.2774066797642436,0.2578541790160047,0.2702303603071472,0.3099374565670603,0.2780790849028698
2017-12-01,131.01,127.94,129.86,135.71,131.03,0.007459243309750896,0.004869619855482288,0.006432612570720142,0.028495642288745904,0.010955944757348846,0.273301584216153,0.2497802090456187,0.2645827247054242,0.3150193798449612,0.2747348963906995
2018-01-01,133.25,128.45,131.46,136.57,132.48,0.017097931455614113,0.003986243551664881,0.012320961034960609,0.006337042222385847,0.011066168053117442,0.2530562347188263,0.25097389949357196,0.2522385216231664,0.33892156862745093,0.26920866066296223
2018-02-01,134.31,129.32,132.44,138.19,133.59,0.007954971857411008,0.006773063448812788,0.007454739084131967,0.01186204876620045,0.008378623188405987,0.247191011235955,0.2545595653861079,0.24978767575728988,0.3168477225080999,0.2631429652042361
2018-03-01,136.23,132.97,135.01,140.7,136.14,0.014295287022559666,0.028224559232910673,0.01940501359105995,0.018163398219842142,0.01908825510891532,0.24684239428885202,0.23992913092129808,0.24433179723502296,0.27816133720930214,0.2510567910310604
2018-04-01,141.01,135.01,138.77,144.0,139.81,0.03508771929824572,0.01534180642250127,0.02784978890452572,0.023454157782516027,0.02695754370500958,0.24864960595058871,0.21839184189152583,0.23747101836989493,0.2564348660675333,0.2413211400159816
2018-05-01,144.47,137.16,141.74,142.73,141.93,0.02453726686050639,0.01592474631508778,0.021402320386250562,-0.00881944444444449,0.0151634360918389,0.2542976211147767,0.22158888493053075,0.24235252870540802,0.2326625788064598,0.24032159398759068
2018-06-01,146.47,138.97,143.67,141.02,143.14,0.01384370457534434,0.013196267133275041,0.013616480880485282,-0.011980662789882857,0.0085253293877261,0.24942420882026783,0.20529054640069377,0.2331130375075099,0.2131796283551275,0.22919708029197072
2018-07-01,149.94,143.01,147.36,145.09,146.9,0.023690858196217635,0.029071022522846546,0.025683858843182472,0.028861154446177872,0.026267989381025814,0.2210097719869708,0.2069372942864376,0.21594190939846536,0.20167301639887358,0.21304706853839805
2018-08-01,154.2,147.26,151.61,148.81,151.05,0.028411364545818163,0.02971820152436888,0.02884093376764385,0.0256392583913434,0.02825051055139549,0.2380570052187876,0.21161757446108265,0.228307542736774,0.18046961764239255,0.218636546994756
2018-09-01,157.82,152.41,155.8,154.02,155.44,0.023476005188067584,0.034972158087736016,0.027636699426159206,0.03501108796451846,0.029063224097980678,0.2525396825396824,0.2302042134151263,0.24430955993930215,0.20610806577917007,0.23649669875109391
2018-10-01,163.86,159.53,162.24,156.63,161.12,0.03827144848561659,0.046716094744439385,0.04133504492939655,0.01694585118815728,0.036541430777148776,0.27786009514154264,0.26580972784257706,0.273469387755102,0.2189105058365759,0.2624980410593951
2018-11-01,168.06,162.69,166.05,164.93,165.83,0.025631636763090437,0.019808186547984663,0.023483727810651,0.05299112558258323,0.02923286991062568,0.29237157797600744,0.277803958529689,0.2869100209253663,0.24994316028798802,0.27945374585294336
2018-12-01,170.85,166.66,169.29,172.61,169.94,0.016601213852195595,0.02440223738398184,0.019512195121951015,0.04656520948281084,0.024784417777241607,0.304098923746279,0.3026418633734562,0.3036346835053132,0.27190332326283984,0.29695489582538337
2019-01-01,176.91,170.98,174.7,177.16,175.19,0.03546971027216861,0.02592103684147351,0.03195699686927744,0.026360002317362685,0.030893256443450534,0.32765478424015004,0.3311015959517323,0.32892134489578573,0.2972102218642454,0.3223882850241546
2019-02-01,181.76,175.37,179.37,181.72,179.84,0.027415069809507697,0.025675517604398346,0.026731539782484326,0.02573944456988042,0.026542610879616513,0.3532871714689896,0.3560934116919272,0.35434913923286016,0.3150010854620451,0.3462085485440527
2019-03-01,188.26,184.99,187.04,186.59,186.94,0.03576144366197176,0.05485544848035584,0.04276077381947929,0.026799471714725964,0.03947953736654797,0.3819276224032886,0.3912160637737836,0.38537886082512407,0.32615493958777564,0.3731452916115765
2019-04-01,193.47,188.65,191.67,188.85,191.11,0.02767449272283007,0.019784853235309985,0.02475406330196739,0.012112117476820838,0.022306622445704694,0.37203035245727256,0.397303903414562,0.3812063126035885,0.3114583333333334,0.3669265431657249
2019-05-01,201.66,193.23,198.51,188.44,196.51,0.04233214451853007,0.024277763053273116,0.03568633588981074,-0.002171035213132111,0.028255978232431422,0.39586073233197205,0.40879265091863504,0.40052208268660916,0.320255026974007,0.3845557669273585
2019-06-01,206.99,197.23,203.34,188.78,200.44,0.02643062580581179,0.02070071934999751,0.02433126794619933,0.0018042878369772808,0.01999898224008967,0.413190414419335,0.419227171331942,0.41532679056170396,0.33867536519642605,0.4003073913650972
2019-07-01,215.86,209.52,213.49,195.49,209.9,0.04285231170587944,0.06231303554226031,0.04991639618373167,0.03554401949359054,0.04719616842945529,0.4396425236761372,0.46507237256135947,0.4487649294245384,0.3473705975601351,0.4288631722260041
2019-08-01,221.87,213.21,218.63,200.52,215.02,0.027842119892522943,0.01761168384879719,0.024076069136727662,0.025730216379354465,0.024392567889471195,0.43884565499351513,0.4478473448322695,0.4420552733988521,0.34749008803171844,0.4235021516054287
2019-09-01,227.72,220.8,225.13,203.25,220.77,0.026366791364312414,0.03559870550161803,0.029730595069295207,0.013614602034709655,0.026741698446656192,0.44290964389811194,0.44872383701856844,0.4449935815147623,0.31963381379041667,0.4202907874421
2019-10-01,236.31,227.45,233.0,207.5,227.92,0.037721763569295685,0.030117753623188248,0.03495758006485139,0.02091020910209096,0.03238664673642244,0.44214573416330993,0.42575064251238004,0.43614398422090717,0.324778139564579,0.41459781529294926
2019-11-01,242.85,231.39,238.57,212.21,233.32,0.027675510981338025,0.017322488459001972,0.02390557939914162,0.02269879518072293,0.023692523692523615,0.44501963584434123,0.42227549326940794,0.43673592291478447,0.2866670708785546,0.40698305493577736
2019-12-01,246.54,238.13,243.4,223.54,239.44,0.015194564546016087,0.029128311508708205,0.02024563021335468,0.053390509401064934,0.0262300702897309,0.44302019315188756,0.4288371534861395,0.4377695079449466,0.29505822374138213,0.4089678710132989
2020-01-01,267.6,244.59,259.01,232.76,253.78,0.08542224385495256,0.027128039306261398,0.06413311421528345,0.041245414690883164,0.059889742733043816,0.512633542479227,0.4305181892619021,0.4825987406983401,0.31384059607134795,0.4485986643073234
2020-02-01,279.97,251.57,269.36,240.22,263.55,0.046225710014947685,0.028537552639110286,0.039959847110150326,0.032050180443375265,0.03849791157695637,0.5403279049295777,0.4345098933683069,0.5017003958298489,0.3219238388729915,0.46546930604982206
2020-03-01,286.4,262.08,277.31,248.53,271.58,0.022966746437118157,0.041777636443137034,0.029514404514404458,0.03459328948463902,0.030468601783342653,0.5213003293317751,0.4167252283907237,0.48262403763900785,0.3319577683691517,0.4527655932384722
2020-04-01,285.74,263.54,277.45,250.23,272.03,-0.0023044692737429484,0.005570818070818273,0.0005048501676823136,0.006840220496519445,0.001656970321820328,0.47692148653538013,0.39697853167240926,0.44754004278186477,0.3250198570293883,0.42342106640154853
2020-05-01,285.06,264.92,277.54,248.98,271.84,-0.0023797858192763366,0.005236396751916228,0.00032438277167079477,-0.0049954042281101785,-0.0006984523765760642,0.41356739065754233,0.3710086425503287,0.39811596393128834,0.3212693695606028,0.3833392702661442
2020-06-01,285.44,267.19,278.62,252.74,273.47,0.0013330526906616402,0.00856862449041218,0.0038913309793182638,0.015101614587517131,0.0059961742201297685,0.379003816609498,0.35471277189068595,0.3702173699222977,0.3388070770208709,0.364348433446418
2020-07-01,289.19,270.14,282.07,263.49,278.37,0.013137612107623209,0.01104083236648079,0.012382456392218799,0.04253382923162152,0.017917870333125974,0.33971092374687295,0.28932798778159596,0.321232844629725,0.3478438794823264,0.32620295378751796
2020-08-01,295.13,272.2,286.56,273.32,283.92,0.02054012932674021,0.007625675575627433,0.01591803453043572,0.03730691866864011,0.01993749326436034,0.3301933564700048,0.2766755780685708,0.3107075881626493,0.36305605425892673,0.32043530834340994
2020-09-01,301.54,280.93,293.84,279.69,291.02,0.02171924236777012,0.03207200587803083,0.02540480178671123,0.02330601492755746,0.025007044237813414,0.3241700333743194,0.2723278985507247,0.3052014391684803,0.3760885608856088,0.31820446618652887
2020-10-01,317.66,289.72,307.22,285.74,302.94,0.05345891092392385,0.03128893318620296,0.045534985025864616,0.02163109156566212,0.04095938423476064,0.34425119546358607,0.2737744559243791,0.31854077253218893,0.3770602409638555,0.3291505791505791
2020-11-01,326.04,294.87,314.4,306.96,312.92,0.026380406724170413,0.017775783515117993,0.023370874292038213,0.07426331630153271,0.03294381725754292,0.34255713403335397,0.2743420199662907,0.31785220270780057,0.4464916827670702,0.3411623521344078
2020-12-01,331.26,301.97,320.32,310.78,318.42,0.016010305483989518,0.024078407433784532,0.018829516539440316,0.012444618191295165,0.017576377348843097,0.3436359211486979,0.2680888590265822,0.31602300739523415,0.3902657242551668,0.329852990310725
2021-01-01,344.61,309.32,331.43,318.42,328.84,0.04030067016844785,0.02434016624167956,0.03468406593406592,0.02458330651908125,0.03272407512090947,0.287780269058296,0.26464696021914214,0.27960310412725375,0.36801855989001564,0.2957679880211206
2021-02-01,362.33,321.14,346.94,327.43,343.06,0.05142044630161613,0.038212854002327656,0.04679721208098231,0.028295961308963058,0.043242914487288786,0.29417437582598116,0.27654330802559923,0.2880160380160379,0.36304221130630254,0.3016884841586036
2021-03-01,376.68,345.37,364.98,341.36,360.28,0.039604780172770804,0.07544995951921285,0.051997463538363986,0.042543444400329866,0.05019530111350767,0.31522346368715093,0.31780372405372415,0.31614438714795723,0.37351627570112256,0.32660726121216577
2021-04-01,394.54,350.74,378.18,346.34,371.84,0.04741425082297979,0.015548542143208666,0.03616636528028927,0.014588704007499231,0.03208615521261238,0.38076573108420253,0.3308795628747059,0.3630564065597406,0.3840866402909322,0.36690806161085177
2021-05-01,408.38,360.83,390.62,349.47,382.42,0.035078825974552474,0.028767748189542086,0.03289438891533125,0.0090373621296993,0.028453098106712593,0.43261067845365875,0.36203382153102814,0.40743676587158606,0.4036067153988274,0.40678340200117735
2021-06-01,415.55,375.32,400.52,353.54,391.16,0.01755717713893934,0.04015741484909796,0.025344324407352348,0.011646207113629181,0.022854453218973836,0.4558225896860988,0.4046932894195141,0.4375134591917307,0.39882883595790153,0.43035799173583933
2021-07-01,437.0,397.93,422.41,362.03,410.37,0.05161833714354458,0.06024192688905461,0.054653949865175466,0.02401425581263772,0.04911033848041724,0.5111172585497423,0.4730510105871031,0.4975360726060909,0.37398003719306216,0.4741890289901929
2021-08-01,451.64,410.82,436.4,371.24,423.41,0.03350114416475969,0.0323926318699268,0.0331194810728912,0.025439880672872617,0.03177620196408126,0.530308677531935,0.5092578986039678,0.5228922389726409,0.35826137860383445,0.49130036630036633
2021-09-01,467.91,438.07,456.77,374.34,440.34,0.03602426711540163,0.0663307531278905,0.0466773602199817,0.008350393276586487,0.039984884627193296,0.551734429926378,0.5593564233082973,0.5544854342499319,0.33841038292395154,0.5130918837193321
2021-10-01,485.29,454.12,473.64,395.51,458.07,0.03714389519352013,0.0366379802314698,0.03693324868095549,0.05655286637815893,0.040264341190898056,0.5277025750802744,0.5674444291039624,0.5416965041338453,0.38416042556169927,0.5120816003168944
2021-11-01,507.0,466.54,491.89,412.7,476.11,0.04473613715510316,0.027349599224874455,0.03853137403935469,0.04346287072387556,0.039382627109393775,0.5550239234449761,0.5821887611489809,0.5645356234096692,0.3444748501433412,0.5215070944650388
2021-12-01,514.34,479.05,501.16,436.8,488.33,0.014477317554240754,0.026814421057144155,0.01884567687897709,0.058395929246426004,0.02566633761105619,0.5526776550141883,0.5864158691260721,0.5645604395604398,0.40549584915374237,0.5336034168707995
2022-01-01,538.17,493.03,521.3,447.94,506.68,0.04633122059338168,0.029182757540966442,0.040186766701252985,0.025503663003662913,0.037577048307497085,0.5616784190824409,0.5939156860209491,0.5728811513743473,0.4067583694491552,0.5408101204233062
2022-02-01,559.01,504.7,538.72,457.61,522.56,0.03872382332720159,0.023669959231689797,0.033416458852868036,0.021587712640085854,0.03134128049261853,0.5428200811415009,0.5715887152020926,0.5527756960857786,0.3975811623858534,0.5232320876814549
2022-03-01,589.31,565.82,580.53,483.35,561.16,0.05420296595767504,0.12110164454131178,0.07760989010989006,0.0562487707873518,0.07386711573790583,0.5644844430285652,0.638300952601558,0.5905803057701791,0.41595383173189604,0.5575663372932165
2022-04-01,622.29,580.87,606.82,517.48,589.01,0.055963754221038275,0.02659856491463719,0.04528620398601291,0.07061135822902664,0.0496293392258893,0.5772545242560956,0.6561270456748589,0.6045798297107199,0.49413870762834233,0.5840415232358005
2022-05-01,665.66,619.44,648.39,534.17,625.63,0.06969419402529375,0.06640039940089881,0.06850466365643837,0.03225245420112843,0.06217211931885713,0.6300014692198441,0.7167086993875234,0.6598996467154779,0.5285146078347209,0.6359761518749019
2022-06-01,699.36,647.9,680.14,558.71,655.94,0.05062644593335941,0.04594472426707985,0.04896744243433737,0.04594043094894906,0.048447165257420544,0.6829743713151246,0.7262602579132473,0.6981424148606812,0.5803303728008147,0.6769097044687595
2022-07-01,737.01,695.34,721.44,575.31,692.32,0.0538349347975291,0.07322117610742418,0.060722792366277645,0.029711299242898725,0.05546238985273044,0.6865217391304348,0.7473927575201669,0.7079141118818211,0.589122448415877,0.6870628944610961
2022-08-01,797.04,724.84,770.07,606.44,737.46,0.08145072658444241,0.042425288348146184,0.06740685296074522,0.05410995810954122,0.06520106309221174,0.764768399610309,0.7643736916411081,0.7645967002749774,0.6335524189203752,0.7417160671689378
2022-09-01,843.4,780.81,820.02,654.74,787.08,0.05816521128174257,0.07721704100215199,0.06486423312166423,0.07964514214101959,0.0672850052884224,0.8024833835566667,0.7823863766064783,0.795258007312214,0.7490516642624354,0.7874369805150567
2022-10-01,888.1,827.5,865.46,675.21,827.54,0.052999762864595734,0.05979687760146524,0.05541328260286349,0.03126431866084256,0.05140519388118103,0.8300397700344124,0.8222055844270237,0.8272527658136983,0.7071881874036057,0.8065797803829109
2022-11-01,953.34,874.76,923.98,718.67,883.06,0.07346019592388253,0.05711178247734128,0.06761722089986821,0.06436516046859486,0.06709041254803383,0.8803550295857989,0.8749946414026664,0.8784281038443555,0.7413859946692511,0.8547394509672133
2022-12-01,996.62,955.04,981.09,722.55,929.56,0.045398283928084426,0.0917737436554027,0.061808697157947234,0.005398861786355402,0.052657803546757975,0.9376676906326553,0.9936123577914622,0.957638279192274,0.6541895604395602,0.9035488296848442
2023-01-01,1042.37,992.3,1023.66,771.21,973.35,0.045905159438903276,0.03901407270899648,0.043390514631685084,0.06734482042765211,0.04710830930762944,0.9368786814575321,1.0126564306431658,0.9636677536926914,0.7216814751975711,0.9210349727638747
2023-02-01,1114.31,1030.47,1082.99,825.87,1031.74,0.06901580053148115,0.038466189660385064,0.05795869722368763,0.07087563698603483,0.05998869882365021,0.9933632672045223,1.041747572815534,1.0103021978021975,0.8047463997727322,0.9743952847519903
2023-03-01,1202.08,1198.55,1200.76,876.04,1136.04,0.07876623201802002,0.16311003716750605,0.10874523310464546,0.06074805962197427,0.10109136022641363,1.0398092684665117,1.1182531547135128,1.068385785402994,0.8124340539981378,1.0244493549076914
2023-04-01,1284.57,1247.39,1270.68,918.51,1200.49,0.06862272061759622,0.04074923866338498,0.05822978780105936,0.04847952148303736,0.05673215731840431,1.0642626428192643,1.1474512369376972,1.0939982202300516,0.7749671484888303,1.0381487580856015
2023-05-01,1389.24,1353.08,1375.74,947.84,1290.46,0.08148251944230367,0.08472891397237414,0.08268013976768329,0.031932150983658314,0.07494439770427075,1.0870113871946638,1.1843600671574324,1.1217785592004814,0.7744163842971341,1.0626568419033613
2023-06-01,1468.48,1434.49,1455.78,1018.88,1368.71,0.05703838069735978,0.06016643509622499,0.05817959788913596,0.07494935854152596,0.06063729212838842,1.0997483413406544,1.214060811853681,1.1404122680624575,0.8236294320846234,1.0866390218617554
2023-07-01,1626.81,1625.51,1626.33,1090.31,1519.5,0.10781896927435164,0.13316230855565392,0.11715369080492932,0.07010639133165819,0.11016942960890175,1.207310619937314,1.3377196767049213,1.2542831004657349,0.8951695607585477,1.1947943147677371
2023-08-01,1762.46,1723.25,1747.82,1183.42,1635.33,0.08338404607790717,0.06012882110845208,0.07470193626139832,0.08539773092056402,0.076229022704837,1.2112566496035333,1.3774212239942605,1.269689768462607,0.9514214101972165,1.2175168822715805
2023-09-01,1995.58,1911.97,1964.34,1271.63,1826.29,0.13226966853148436,0.10951399970985065,0.12388003341305165,0.07453820283584878,0.11677153846624222,1.3661133507232628,1.4487007082388805,1.3954781590692908,0.942190793291994,1.320335925191848
2023-10-01,2169.81,2086.82,2138.81,1334.03,1978.41,0.08730795057076146,0.09145017965763058,0.08881863628496078,0.04907087753513206,0.08329454796335756,1.4432045940772436,1.5218368580060426,1.4712985002195365,0.9757260704077249,1.3907122314329219
2023-11-01,2385.55,2250.34,2335.04,1445.34,2157.73,0.09942806052142816,0.07835845928254481,0.09174728002954913,0.083438903173092,0.09063844198118698,1.5023076761700969,1.5725227490968954,1.5271542674083856,1.0111316737862999,1.4434692999343195
2023-12-01,2648.87,2374.02,2546.2,1555.65,2348.79,0.11038125379891417,0.05496058373401347,0.09043099904070151,0.07632114243015486,0.08854675978922288,1.6578535449820393,1.485780700284805,1.595276682057711,1.1529997924019102,1.526776109126899
2024-01-01,3178.28,2660.85,2985.0,1730.47,2734.97,0.19986258291271386,0.12082038062021372,0.17233524467834438,0.11237746279690164,0.16441657193703985,2.049090054395273,1.6814975309886124,1.916007268038216,1.2438376058401732,1.8098525710176192
2024-02-01,3625.42,3062.83,3415.26,1829.42,3099.2,0.14068615729262368,0.15107202585639934,0.14414070351758812,0.05718099707016022,0.13317513537625647,2.253511141423841,1.9722650829233261,2.153547124165505,1.2151428190877498,2.0038575610134335
2024-03-01,3987.49,3400.49,3768.21,2007.72,3417.34,0.09986980818774094,0.11024444712896231,0.10334498691168448,0.09746258376971939,0.1026522973670625,2.317158591774258,1.837169913645655,2.1381874812618675,1.291813159216474,2.0081159114115703
2024-04-01,4464.6,3656.07,4162.57,2163.76,3764.21,0.11965171072529346,0.07515975638805017,0.10465446458663386,0.07772000079692387,0.10150292332632982,2.4755599149910092,1.9309758776324966,2.2758601693581384,1.3557282990930966,2.1355613124640773
2024-05-01,4807.34,3957.89,4490.03,2419.24,4077.32,0.07676835550777228,0.08255312398285586,0.07866774612799299,0.11807224461123211,0.08318080022102925,2.460410008349889,1.9250968161527773,2.2637198889325014,1.5523717083051989,2.15958650403732
2024-06-01,5129.04,4113.99,4749.88,2642.13,4329.8,0.0669185037879576,0.03944020677684312,0.05787266454789841,0.09213223987698638,0.061923027871248815,2.492754412726084,1.8679112437172791,2.2627732212284823,1.593170932788945,2.163416647792447
2024-07-01,5450.78,4390.43,5054.69,3040.48,4653.26,0.06272908770452168,0.06719510742612411,0.06417214750688438,0.15076850874105352,0.07470552912374706,2.3505941074864305,1.700955392461443,2.108034654713373,1.788638093753153,2.0623626192826587
2024-08-01,5725.38,4594.73,5303.03,3362.05,4916.19,0.05037811102264267,0.04653302751666666,0.04913060939444369,0.10576290585697001,0.05650447213351484,2.248516278383623,1.6663165530248074,2.0340824570035814,1.8409609437055314,2.0062372732109113
2024-09-01,5941.03,4774.83,5505.4,3710.18,5147.61,0.03766562219450931,0.039197080133109186,0.03816120218064012,0.10354694308531975,0.047073038267438916,1.9770943785766546,1.4973352092344543,1.8026716352566257,1.917656865597697,1.8186158824721157
2024-10-01,6175.77,4982.02,5729.85,3994.36,5383.96,0.03951166716882448,0.04339212076660326,0.04076906310168216,0.07659466656604264,0.04591451178313832,1.8462261672681022,1.3873740907217682,1.6789897185818283,1.9942055276118231,1.7213570493477084
2024-11-01,6378.33,5117.7,5907.43,4319.74,5591.0,0.03279914893203584,0.027233933223872908,0.030992085307643302,0.08145985840034431,0.038454966233032906,1.6737356165244908,1.2741896780042126,1.529905269288749,1.9887362143163547,1.5911490316211943
2024-12-01,6556.47,5205.72,6051.9,4615.04,5765.54,0.027928940647473643,0.01719913242276805,0.024455643147696993,0.06836059577659781,0.0312180289751387,1.4751950831864153,1.192786918391589,1.3768360694368078,1.9666313116703629,1.4546851783258616
2025-01-01,6707.3,5253.88,6164.38,5010.83,5934.47,0.023004757133030518,0.009251361963378724,0.018585898643401322,0.08576090348079313,0.029299944150938284,1.1103552865071675,0.9745119040907981,1.0651189279731992,1.895646847388282,1.1698482981531795
2025-02-01,6862.13,5488.58,6349.04,5408.11,6161.52,0.023083804213319903,0.044671747356239466,0.029955972863450864,0.07928427027059382,0.03825952443941927,0.892782077662726,0.7919962910119074,0.8590209822971018,1.9561883001169766,0.9881001548786785
2025-03-01,7010.54,5668.51,6509.23,5684.22,6344.81,0.021627395575426256,0.032782614082331074,0.025230586041354197,0.05105480472845425,0.0297475298303016,0.7581335627173988,0.6669685839393735,0.7274063812791749,1.8311816388739466,0.8566516647450941
2025-04-01,7187.95,5797.13,6668.41,6121.0,6559.31,0.025306181834780173,0.02269026604875002,0.024454505371603208,0.07684079785792952,0.03380715892201658,0.6099874568830352,0.585617890248272,0.6019934799895257,1.8288719636188855,0.7425462447631774
2025-05-01,7329.99,5987.03,6828.33,6461.52,6755.22,0.019760849755493526,0.03275758866887579,0.023981728777924483,0.05563143277242277,0.029867470816290043,0.5247496536546197,0.5126822625186653,0.5207760304496853,1.670888378168351,0.6567794531702196
2025-06-01,7457.02,6063.83,6936.6,7036.25,6956.46,0.01733017371101475,0.012827729274782262,0.015855999929704767,0.0889465636568485,0.029790295504809494,0.45388220797654144,0.47395350985296525,0.46037373575753504,1.6630975765764742,0.6066469582890663
2025-07-01,7619.01,6202.12,7089.73,7287.87,7129.22,0.021723154825922464,0.022805718498045024,0.02207565666176503,0.035760525848285596,0.024834470405924902,0.3977834364989965,0.4126452306493895,0.4026043140133222,1.396947192548545,0.5320914799516898
2025-08-01,7789.94,6375.31,7261.51,7727.8,7354.44,0.0224346732711993,0.027924322650964672,0.024229413531968058,0.060364688173636605,0.03159111375437984,0.3605978991787444,0.38752657936374946,0.36931339253219386,1.298538094317455,0.49596333746254717
2025-09-01,7896.9,6447.94,7355.64,8170.41,7518.03,0.013730529375065803,0.01139238719372071,0.012962868604463829,0.057275032997748276,0.02224370584300095,0.3292139578490598,0.3504020038409743,0.33607730591782636,1.2021600030187214,0.4604894310175014
