time,temp,dwpt,rhum,prcp,snow,wdir,wspd,wpgt,pres,tsun,coco
2026-02-19 00:00:00,26.3,21.5,75,0.2,,102,17.3,,1009.1,,17
2026-02-19 01:00:00,25.3,21.8,81,0.3,,106,11.9,,1008.6,,8
2026-02-19 02:00:00,25.0,22.1,84,0.0,,94,5.0,,1008.2,,3
2026-02-19 03:00:00,24.7,22.2,86,0.0,,131,7.9,,1008.1,,3
2026-02-19 04:00:00,23.9,22.2,90,0.5,,11,13.0,,1007.8,,8
2026-02-19 05:00:00,23.3,22.6,96,1.1,,25,8.3,,1007.4,,9
2026-02-19 06:00:00,23.0,23.0,100,1.3,,140,6.0,,1006.0,,18
2026-02-19 07:00:00,23.0,23.0,100,0.4,,180,9.0,,1008.0,,17
2026-02-19 08:00:00,23.0,23.0,100,7.0,,250,7.0,,1010.0,,18
2026-02-19 09:00:00,23.0,23.0,100,7.5,,110,6.0,,1009.0,,9
2026-02-19 10:00:00,22.9,22.6,98,8.2,,111,20.5,,1009.5,,9
2026-02-19 11:00:00,23.0,23.0,100,6.7,,200,6.0,,1010.0,,9
2026-02-19 12:00:00,23.0,23.0,100,2.6,,180,6.0,,1009.0,,9
2026-02-19 13:00:00,24.0,23.0,94,2.9,,250,4.0,,1009.0,,9
2026-02-19 14:00:00,25.0,22.1,84,0.4,,20,4.0,,1009.0,,8
2026-02-19 15:00:00,26.0,22.1,79,0.3,,50,4.0,,1009.0,,17
2026-02-19 16:00:00,27.0,23.0,79,0.5,,230,7.0,,1009.0,,8
2026-02-19 17:00:00,24.0,23.0,94,0.1,,180,11.0,,1009.0,,7
2026-02-19 18:00:00,26.0,24.0,89,0.1,,180,7.0,,1009.0,,7
2026-02-19 19:00:00,26.0,23.1,84,0.2,,140,9.0,,1009.0,,17
2026-02-19 20:00:00,25.0,23.1,89,0.0,,140,6.0,,1010.0,,2
2026-02-19 21:00:00,24.0,23.0,94,0.0,,160,6.0,,1011.0,,3
2026-02-19 22:00:00,23.2,21.1,88,0.0,,134,16.2,,1012.8,,3
2026-02-19 23:00:00,22.6,21.1,91,0.0,,127,13.3,,1013.2,,1
2026-02-20 00:00:00,22.2,21.0,93,0.0,,132,11.5,,1013.4,,1
2026-02-20 01:00:00,21.9,20.9,94,0.0,,140,11.2,,1013.3,,1
2026-02-20 02:00:00,21.6,20.6,94,0.0,,145,11.9,,1013.1,,1
2026-02-20 03:00:00,21.2,20.4,95,0.0,,149,13.3,,1013.0,,1
2026-02-20 04:00:00,20.9,20.1,95,0.0,,150,13.7,,1012.9,,1
2026-02-20 05:00:00,20.7,20.0,96,0.0,,146,13.0,,1013.2,,1
2026-02-20 06:00:00,20.0,20.0,100,0.0,,140,4.0,,1014.0,,1
2026-02-20 07:00:00,20.0,20.0,100,0.0,,140,6.0,,1015.0,,2
2026-02-20 08:00:00,21.0,21.0,100,0.0,,140,7.0,,1015.0,,3
2026-02-20 09:00:00,22.0,21.0,94,0.0,,140,6.0,,1015.0,,3
2026-02-20 10:00:00,24.0,20.9,83,0.0,,140,7.0,,1015.0,,3
2026-02-20 11:00:00,25.0,21.1,79,0.0,,90,7.0,,1015.0,,3
2026-02-20 12:00:00,27.0,22.0,74,0.0,,90,7.0,,1015.0,,3
2026-02-20 13:00:00,28.0,20.0,62,0.0,,180,7.0,,1015.0,,3
2026-02-20 14:00:00,28.0,20.0,62,0.1,,140,7.0,,1014.0,,17
2026-02-20 15:00:00,30.0,20.0,55,0.0,,140,9.0,,1014.0,,2
2026-02-20 16:00:00,29.0,19.0,55,0.0,,140,9.0,,1013.0,,1
2026-02-20 17:00:00,30.0,19.1,52,0.0,,90,11.0,,1013.0,,1
2026-02-20 18:00:00,29.0,19.9,58,0.0,,90,9.0,,1013.0,,1
2026-02-20 19:00:00,29.0,21.0,62,0.0,,90,7.0,,1013.0,,1
2026-02-20 20:00:00,26.0,20.1,70,0.0,,140,6.0,,1013.0,,1
2026-02-20 21:00:00,23.0,19.0,78,0.0,,140,6.0,,1014.0,,1
2026-02-20 22:00:00,22.1,16.6,71,0.0,,142,16.6,,1015.4,,1
2026-02-20 23:00:00,21.4,15.9,71,0.0,,127,16.6,,1015.9,,1
2026-02-21 00:00:00,20.7,14.6,68,0.0,,122,15.1,,1016.0,,1
2026-02-21 01:00:00,20.0,13.9,68,0.0,,117,14.8,,1016.1,,1
2026-02-21 02:00:00,19.4,13.3,68,0.0,,110,13.7,,1016.0,,1
2026-02-21 03:00:00,18.7,13.3,71,0.0,,110,11.9,,1015.7,,1
2026-02-21 04:00:00,18.4,14.1,76,0.0,,109,11.5,,1015.8,,1
2026-02-21 05:00:00,18.3,14.8,80,0.0,,103,11.2,,1015.8,,1
2026-02-21 06:00:00,18.0,17.0,94,0.0,,70,6.0,,1016.0,,1
2026-02-21 07:00:00,18.0,17.0,94,0.0,,70,4.0,,1017.0,,1
2026-02-21 08:00:00,20.0,19.0,94,0.0,,70,11.0,,1017.0,,1
2026-02-21 09:00:00,23.0,20.0,83,0.0,,70,15.0,,1017.0,,1
2026-02-21 10:00:00,25.0,21.1,79,0.0,,50,17.0,,1017.0,,2
2026-02-21 11:00:00,27.0,22.0,74,0.1,,20,11.0,,1017.0,,17
2026-02-21 12:00:00,29.0,22.0,66,0.0,,20,7.0,,1016.0,,3
2026-02-21 13:00:00,30.0,21.1,59,0.0,,360,7.0,,1016.0,,3
2026-02-21 14:00:00,30.0,21.1,59,0.0,,20,11.0,,1015.0,,3
2026-02-21 15:00:00,31.0,20.9,55,0.0,,50,13.0,,1015.0,,3
2026-02-21 16:00:00,31.0,20.9,55,0.0,,50,9.0,,1014.0,,3
2026-02-21 17:00:00,32.0,22.1,56,0.0,,50,11.0,,1014.0,,3
2026-02-21 18:00:00,31.0,20.9,55,0.0,,70,7.0,,1013.0,,3
2026-02-21 19:00:00,30.0,21.1,59,0.0,,90,7.0,,1014.0,,1
2026-02-21 20:00:00,26.0,20.1,70,0.0,,110,11.0,,1014.0,,3
2026-02-21 21:00:00,24.0,19.9,78,0.0,,110,7.0,,1015.0,,3
2026-02-21 22:00:00,22.7,16.5,68,0.0,,71,9.0,,1016.5,,3
2026-02-21 23:00:00,22.3,17.0,72,0.0,,76,9.7,,1016.9,,3
2026-02-22 00:00:00,21.4,17.4,78,0.0,,72,8.6,,1017.0,,3
2026-02-22 01:00:00,20.3,17.3,83,0.0,,76,9.0,,1016.9,,2
2026-02-22 02:00:00,20.4,16.6,79,0.0,,83,13.7,,1016.4,,1
2026-02-22 03:00:00,20.3,15.5,74,0.0,,78,14.8,,1016.1,,1
2026-02-22 04:00:00,19.6,15.7,78,0.0,,78,13.0,,1016.3,,1
2026-02-22 05:00:00,19.1,15.8,81,0.0,,80,12.2,,1016.2,,1
2026-02-22 06:00:00,20.0,17.9,88,0.0,,50,9.0,,1016.0,,1
2026-02-22 07:00:00,20.0,17.9,88,0.0,,50,13.0,,1016.0,,1
2026-02-22 08:00:00,20.0,17.9,88,0.0,,50,15.0,,1017.0,,1
2026-02-22 09:00:00,22.0,19.0,83,0.0,,50,17.0,,1017.0,,1
2026-02-22 10:00:00,24.0,19.9,78,0.0,,50,15.0,,1016.0,,1
2026-02-22 11:00:00,27.0,20.1,66,0.0,,50,15.0,,1016.0,,1
2026-02-22 12:00:00,28.0,21.0,66,0.0,,20,15.0,,1015.0,,1
2026-02-22 13:00:00,29.0,21.0,62,0.0,,50,15.0,,1014.0,,3
2026-02-22 14:00:00,31.0,20.9,55,0.0,,20,13.0,,1014.0,,3
2026-02-22 15:00:00,30.0,21.1,59,0.0,,50,13.0,,1013.0,,3
2026-02-22 16:00:00,31.0,20.9,55,0.0,,50,10.0,,1012.0,,3
2026-02-22 17:00:00,32.0,19.9,49,0.0,,50,7.0,,1011.0,,3
2026-02-22 18:00:00,32.0,20.9,52,0.0,,50,8.0,,1011.0,,3
2026-02-22 19:00:00,30.0,20.0,55,0.0,,50,8.0,,1011.0,,3
2026-02-22 20:00:00,29.0,19.9,58,0.0,,50,7.0,,1011.0,,3
2026-02-22 21:00:00,27.0,20.1,66,0.0,,50,5.0,,1011.0,,2
2026-02-22 22:00:00,23.6,17.3,68,0.0,,88,11.9,,1013.2,,3
2026-02-22 23:00:00,23.2,16.7,67,0.0,,80,11.5,,1013.3,,3
2026-02-23 00:00:00,22.8,16.3,67,0.0,,78,14.0,,1013.2,,2
2026-02-23 01:00:00,22.8,16.8,69,0.0,,74,16.2,,1013.1,,3
2026-02-23 02:00:00,22.5,17.4,73,0.0,,74,15.8,,1012.6,,3
2026-02-23 03:00:00,21.9,17.7,77,0.0,,74,14.8,,1012.4,,3
2026-02-23 04:00:00,21.7,17.9,79,0.0,,79,14.4,,1012.3,,3
2026-02-23 05:00:00,21.5,18.1,81,0.0,,86,15.5,,1012.2,,3
2026-02-23 06:00:00,20.2,19.0,93,4.9,,119,15.1,,1012.5,,9
2026-02-23 07:00:00,22.0,21.0,94,0.2,,50,8.0,,1011.0,,25
2026-02-23 08:00:00,22.0,21.0,94,8.1,,50,8.0,,1011.0,,25
2026-02-23 09:00:00,23.0,21.1,89,0.7,,50,8.0,,1011.0,,8
2026-02-23 10:00:00,25.0,20.9,78,2.2,,20,8.0,,1011.0,,18
2026-02-23 11:00:00,27.0,22.0,74,1.4,,50,5.0,,1011.0,,18
2026-02-23 12:00:00,28.0,22.9,74,0.2,,50,6.0,,1010.0,,17
2026-02-23 13:00:00,30.0,22.9,66,0.0,,360,4.0,,1009.0,,3
2026-02-23 14:00:00,30.0,23.9,70,0.0,,90,5.0,,1009.0,,3
2026-02-23 15:00:00,29.0,23.0,70,0.2,,90,5.0,,1008.0,,7
2026-02-23 16:00:00,30.0,22.9,66,0.2,,70,6.0,,1006.0,,17
2026-02-23 17:00:00,30.0,22.9,66,1.6,,50,11.0,,1005.0,,18
2026-02-23 18:00:00,30.0,23.9,70,0.0,,20,11.0,,1005.0,,3
2026-02-23 19:00:00,29.0,23.0,70,0.1,,50,8.0,,1005.0,,17
2026-02-23 20:00:00,27.0,23.0,79,0.0,,50,4.0,,1005.0,,3
2026-02-23 21:00:00,22.2,20.3,89,0.0,,74,7.6,,1007.2,,1
2026-02-23 22:00:00,21.5,20.1,92,0.0,,80,7.9,,1007.7,,2
2026-02-23 23:00:00,21.1,19.9,93,0.0,,94,10.8,,1008.0,,1
2026-02-24 00:00:00,20.9,19.9,94,0.0,,81,9.4,,1008.0,,2
2026-02-24 01:00:00,20.3,19.6,96,0.0,,58,9.0,,1007.7,,1
2026-02-24 02:00:00,19.9,19.4,97,0.0,,34,7.6,,1007.2,,1
2026-02-24 03:00:00,19.7,19.4,98,0.0,,27,8.3,,1006.7,,1
2026-02-24 04:00:00,19.3,19.1,99,0.0,,20,6.1,,1006.6,,1
2026-02-24 05:00:00,19.1,19.1,100,0.0,,69,6.8,,1005.9,,2
2026-02-24 06:00:00,20.0,20.0,100,0.0,,0,0.0,,1005.0,,5
2026-02-24 07:00:00,20.0,20.0,100,0.0,,0,0.0,,1006.0,,5
2026-02-24 08:00:00,21.0,21.0,100,0.0,,90,3.0,,1007.0,,5
2026-02-24 09:00:00,24.0,20.9,83,0.0,,320,3.0,,1007.0,,5
2026-02-24 10:00:00,26.0,22.1,79,0.0,,320,3.0,,1007.0,,5
2026-02-24 11:00:00,28.0,22.9,74,0.2,,230,5.0,,1007.0,,17
2026-02-24 12:00:00,30.0,23.9,70,0.1,,230,8.0,,1006.0,,17
2026-02-24 13:00:00,32.0,24.1,63,0.0,,230,9.0,,1006.0,,2
2026-02-24 14:00:00,32.0,24.1,63,0.0,,230,10.0,,1006.0,,2
2026-02-24 15:00:00,33.0,23.0,56,0.0,,200,9.0,,1005.0,,2
2026-02-24 16:00:00,33.0,23.0,56,0.0,,180,5.0,,1005.0,,2
2026-02-24 17:00:00,32.0,23.0,59,0.0,,180,9.0,,1005.0,,1
2026-02-24 18:00:00,33.0,23.0,56,0.0,,180,9.0,,1005.0,,2
2026-02-24 19:00:00,31.0,22.0,59,0.0,,200,6.0,,1005.0,,1
2026-02-24 20:00:00,25.0,20.3,75,0.0,,225,10.1,,1006.9,,1
2026-02-24 21:00:00,24.6,19.9,75,0.0,,198,12.6,,1008.1,,2
2026-02-24 22:00:00,23.0,19.8,82,1.1,,163,13.7,,1009.3,,18
2026-02-24 23:00:00,22.7,20.2,86,0.0,,190,12.6,,1009.7,,2
2026-02-25 00:00:00,22.7,20.0,85,0.0,,175,14.0,,1010.1,,2
2026-02-25 01:00:00,22.1,20.0,88,0.0,,168,15.5,,1010.5,,1
2026-02-25 02:00:00,21.9,19.8,88,0.0,,160,17.3,,1010.7,,1
2026-02-25 03:00:00,21.1,18.5,85,0.0,,156,16.6,,1011.4,,2
2026-02-25 04:00:00,20.5,17.9,85,0.0,,157,18.4,,1011.7,,1
2026-02-25 05:00:00,19.8,15.8,78,0.0,,156,18.7,,1012.2,,1
2026-02-25 06:00:00,17.0,15.0,88,0.0,,140,6.0,,1013.0,,1
2026-02-25 07:00:00,16.0,14.0,88,0.0,,160,5.0,,1014.0,,1
2026-02-25 08:00:00,16.0,14.0,88,0.0,,180,6.0,,1014.0,,2
2026-02-25 09:00:00,18.0,13.9,77,0.0,,160,6.0,,1015.0,,2
2026-02-25 10:00:00,21.0,16.0,73,0.0,,110,8.0,,1015.0,,2
2026-02-25 11:00:00,22.0,16.0,69,0.0,,140,6.0,,1015.0,,1
2026-02-25 12:00:00,24.0,16.0,61,0.0,,140,8.0,,1014.0,,1
2026-02-25 13:00:00,24.0,16.0,61,0.0,,140,8.0,,1014.0,,2
2026-02-25 14:00:00,25.0,15.9,57,0.0,,180,10.0,,1013.0,,1
2026-02-25 15:00:00,25.0,15.9,57,0.0,,180,10.0,,1013.0,,1
2026-02-25 16:00:00,26.0,15.1,51,0.0,,160,8.0,,1012.0,,2
2026-02-25 17:00:00,26.0,15.1,51,0.0,,140,8.0,,1012.0,,1
2026-02-25 18:00:00,24.0,14.1,54,0.0,,140,6.0,,1012.0,,1
2026-02-25 19:00:00,23.0,15.1,61,0.0,,140,4.0,,1012.0,,1
2026-02-25 20:00:00,21.0,15.1,69,0.0,,140,3.0,,1012.0,,1
2026-02-25 21:00:00,19.0,14.0,73,0.0,,140,2.0,,1012.0,,1
2026-02-25 22:00:00,18.8,13.2,70,0.0,,111,9.7,,1013.2,,1
2026-02-25 23:00:00,17.9,13.2,74,0.0,,108,7.2,,1013.3,,1
2026-02-26 00:00:00,17.0,13.3,79,0.0,,103,6.1,,1013.1,,1
2026-02-26 01:00:00,16.7,12.8,78,0.0,,113,6.5,,1013.7,,1
2026-02-26 02:00:00,16.2,12.7,80,0.0,,92,6.8,,1013.2,,1
2026-02-26 03:00:00,15.7,12.4,81,0.0,,79,7.6,,1012.9,,1
2026-02-26 04:00:00,15.1,12.2,83,0.0,,114,7.6,,1013.2,,1
2026-02-26 05:00:00,14.5,12.5,88,0.0,,147,6.1,,1013.4,,1
2026-02-26 06:00:00,15.0,13.0,88,0.0,,50,3.0,,1013.0,,1
2026-02-26 07:00:00,13.0,12.1,94,0.0,,0,0.0,,1013.0,,1
2026-02-26 08:00:00,15.0,14.0,94,0.0,,50,2.0,,1014.0,,1
2026-02-26 09:00:00,19.0,14.0,73,0.0,,50,8.0,,1014.0,,1
2026-02-26 10:00:00,21.0,15.1,69,0.0,,50,9.0,,1014.0,,1
2026-02-26 11:00:00,23.0,15.1,61,0.0,,70,7.0,,1014.0,,1
2026-02-26 12:00:00,24.0,14.1,54,0.0,,50,6.0,,1014.0,,1
2026-02-26 13:00:00,25.0,15.9,57,0.0,,140,3.0,,1013.0,,1
2026-02-26 14:00:00,26.0,17.1,58,0.0,,140,5.0,,1013.0,,1
2026-02-26 15:00:00,26.0,17.1,58,0.0,,110,5.0,,1011.0,,1
2026-02-26 16:00:00,27.0,18.0,58,0.0,,90,4.0,,1011.0,,1
2026-02-26 17:00:00,28.0,18.1,55,0.0,,70,4.0,,1010.0,,3
2026-02-26 18:00:00,27.0,16.9,54,0.0,,70,8.0,,1010.0,,2
2026-02-26 19:00:00,26.0,17.1,58,0.0,,50,5.0,,1010.0,,3
2026-02-26 20:00:00,24.0,16.0,61,0.0,,50,3.0,,1011.0,,3
2026-02-26 21:00:00,22.0,16.0,69,0.0,,0,0.0,,1012.0,,3
2026-02-26 22:00:00,20.0,13.0,64,0.0,,57,10.4,,1012.4,,3
2026-02-26 23:00:00,18.6,14.1,75,0.0,,10,5.4,,1013.0,,3
2026-02-27 00:00:00,18.2,13.9,76,0.0,,68,6.8,,1012.9,,3
2026-02-27 01:00:00,17.7,14.0,79,0.0,,62,6.8,,1012.9,,3
2026-02-27 02:00:00,17.2,14.3,83,0.0,,50,5.4,,1012.6,,3
2026-02-27 03:00:00,16.7,14.2,85,0.0,,343,3.6,,1012.7,,3
2026-02-27 04:00:00,16.4,14.0,86,0.0,,52,4.0,,1012.9,,3
2026-02-27 05:00:00,16.3,14.1,87,0.0,,91,5.8,,1012.6,,3
2026-02-27 06:00:00,19.0,15.1,78,0.0,,50,4.0,,1011.0,,3
2026-02-27 07:00:00,18.0,15.1,83,0.0,,50,4.0,,1012.0,,1
2026-02-27 08:00:00,18.0,15.1,83,0.0,,50,4.0,,1013.0,,2
2026-02-27 09:00:00,19.0,15.1,78,0.0,,50,4.0,,1013.0,,2
2026-02-27 10:00:00,22.0,16.9,73,0.0,,20,8.0,,1014.0,,2
2026-02-27 11:00:00,23.0,17.0,69,0.0,,20,3.0,,1014.0,,2
2026-02-27 12:00:00,26.0,17.9,61,0.0,,360,8.0,,1014.0,,1
2026-02-27 13:00:00,26.0,17.9,61,0.0,,360,6.0,,1013.0,,1
2026-02-27 14:00:00,28.0,19.0,58,0.0,,20,5.0,,1013.0,,1
2026-02-27 15:00:00,29.0,19.0,55,0.0,,20,6.0,,1012.0,,1
2026-02-27 16:00:00,29.0,18.1,52,0.0,,20,4.0,,1011.0,,1
2026-02-27 17:00:00,29.0,18.1,52,0.0,,90,3.0,,1011.0,,1
2026-02-27 18:00:00,29.0,16.9,48,0.0,,90,6.0,,1011.0,,1
2026-02-27 19:00:00,28.0,16.9,51,0.0,,70,6.0,,1011.0,,1
2026-02-27 20:00:00,25.0,15.9,57,0.0,,90,2.0,,1011.0,,1
2026-02-27 21:00:00,24.0,17.0,65,0.0,,90,2.0,,1011.0,,3
2026-02-27 22:00:00,20.3,15.7,75,0.0,,84,9.7,,1012.8,,3
2026-02-27 23:00:00,19.6,15.5,77,0.0,,80,9.0,,1013.0,,3
2026-02-28 00:00:00,19.3,14.5,74,0.0,,66,11.2,,1012.9,,3
2026-02-28 01:00:00,18.9,13.7,72,0.0,,59,11.5,,1013.0,,3
2026-02-28 02:00:00,18.3,13.8,75,0.0,,50,11.2,,1012.7,,3
2026-02-28 03:00:00,17.9,14.0,78,0.0,,42,10.4,,1012.5,,2
2026-02-28 04:00:00,17.4,13.9,80,0.0,,36,9.0,,1012.5,,2
2026-02-28 05:00:00,16.8,13.9,83,0.0,,33,8.3,,1012.7,,1
2026-02-28 06:00:00,17.0,14.1,83,0.0,,50,5.0,,1013.0,,1
2026-02-28 07:00:00,16.0,14.0,88,0.0,,50,6.0,,1013.0,,1
2026-02-28 08:00:00,18.0,15.1,83,0.0,,50,5.0,,1014.0,,2
2026-02-28 09:00:00,20.0,16.0,78,0.0,,20,8.0,,1014.0,,1
2026-02-28 10:00:00,23.0,17.0,69,0.0,,360,8.0,,1014.0,,1
2026-02-28 11:00:00,26.0,18.9,65,0.0,,360,5.0,,1014.0,,2
2026-02-28 12:00:00,28.0,19.0,58,0.0,,20,6.0,,1014.0,,1
2026-02-28 13:00:00,29.0,18.1,52,0.0,,20,8.0,,1013.0,,1
2026-02-28 14:00:00,29.0,19.0,55,0.0,,50,7.0,,1012.0,,1
2026-02-28 15:00:00,30.0,19.1,52,0.0,,70,6.0,,1011.0,,2
2026-02-28 16:00:00,31.0,19.0,49,0.0,,50,6.0,,1011.0,,1
2026-02-28 17:00:00,30.0,19.1,52,0.0,,50,9.0,,1011.0,,1
2026-02-28 18:00:00,30.0,18.1,49,0.0,,50,11.0,,1011.0,,1
2026-02-28 19:00:00,29.0,18.1,52,0.0,,50,6.0,,1011.0,,1
2026-02-28 20:00:00,26.0,17.9,61,0.0,,360,4.0,,1011.0,,3
2026-02-28 21:00:00,25.0,16.9,61,0.0,,0,0.0,,1012.0,,3
2026-02-28 22:00:00,20.8,15.6,72,0.0,,78,10.4,,1013.6,,1
2026-02-28 23:00:00,20.7,15.5,72,0.0,,78,13.0,,1013.7,,1
2026-03-01 00:00:00,20.2,14.5,70,0.0,,63,11.5,,1013.8,,1
2026-03-01 01:00:00,19.4,14.0,71,0.0,,61,10.4,,1014.0,,1
2026-03-01 02:00:00,18.9,13.7,72,0.0,,57,10.4,,1013.7,,1
2026-03-01 03:00:00,18.3,13.8,75,0.0,,48,9.7,,1013.7,,1
2026-03-01 04:00:00,17.8,13.9,78,0.0,,46,9.7,,1013.7,,1
2026-03-01 05:00:00,17.5,14.0,80,0.0,,48,11.2,,1013.6,,1
2026-03-01 06:00:00,18.0,15.1,83,0.0,,50,7.0,,1013.0,,1
2026-03-01 07:00:00,17.0,14.1,83,0.0,,50,7.0,,1014.0,,1
2026-03-01 08:00:00,18.0,15.1,83,0.0,,50,5.0,,1014.0,,1
2026-03-01 09:00:00,21.0,17.0,78,0.0,,20,7.0,,1015.0,,1
2026-03-01 10:00:00,24.0,18.0,69,0.0,,50,9.0,,1015.0,,1
2026-03-01 11:00:00,27.0,19.1,62,0.0,,50,11.0,,1014.0,,1
2026-03-01 12:00:00,28.0,20.0,62,0.0,,50,19.0,,1014.0,,1
2026-03-01 13:00:00,29.0,19.9,58,0.0,,50,19.0,,1013.0,,1
2026-03-01 14:00:00,30.0,21.1,59,0.0,,5,17.0,,1012.0,,1
2026-03-01 15:00:00,31.0,20.9,55,0.0,,20,17.0,,1011.0,,1
2026-03-01 16:00:00,32.0,20.9,52,0.0,,20,22.0,,1010.0,,1
2026-03-01 17:00:00,31.0,22.0,59,0.0,,20,22.0,,1010.0,,1
2026-03-01 18:00:00,31.0,20.9,55,0.0,,20,17.0,,1009.0,,1
2026-03-01 19:00:00,30.0,21.1,59,0.0,,20,17.0,,1009.0,,1
2026-03-01 20:00:00,27.0,18.0,58,0.0,,5,9.0,,1009.0,,1
2026-03-01 21:00:00,25.0,18.0,65,0.0,,50,9.0,,1009.0,,1
2026-03-01 22:00:00,22.4,15.2,64,0.0,,66,15.5,,1011.0,,1
2026-03-01 23:00:00,21.7,15.8,69,0.0,,65,15.1,,1011.3,,1
2026-03-02 00:00:00,21.4,15.9,71,0.0,,58,15.8,,1011.1,,1
2026-03-02 01:00:00,21.1,15.6,71,0.0,,54,15.5,,1011.0,,1
2026-03-02 02:00:00,20.4,15.2,72,0.0,,55,15.1,,1010.8,,1
2026-03-02 03:00:00,20.0,14.8,72,0.0,,55,15.5,,1010.5,,1
2026-03-02 04:00:00,19.5,14.3,72,0.0,,55,15.5,,1010.4,,1
2026-03-02 05:00:00,18.9,14.2,74,0.0,,55,17.6,,1010.2,,1
2026-03-02 06:00:00,19.0,17.0,88,0.0,,50,17.0,,1009.0,,1
2026-03-02 07:00:00,18.0,17.0,94,0.0,,50,20.0,,1009.0,,1
2026-03-02 08:00:00,19.0,17.0,88,0.0,,50,24.0,,1009.0,,1
2026-03-02 09:00:00,21.0,18.0,83,0.0,,50,26.0,,1010.0,,1
2026-03-02 10:00:00,24.0,19.1,74,0.0,,50,22.0,,1010.0,,1
2026-03-02 11:00:00,26.0,20.1,70,0.0,,50,20.0,,1009.0,,1
2026-03-02 12:00:00,28.0,21.0,66,0.0,,50,22.0,,1008.0,,1
2026-03-02 13:00:00,29.0,21.0,62,0.0,,50,28.0,,1007.0,,1
2026-03-02 14:00:00,30.0,21.1,59,0.0,,50,28.0,,1007.0,,1
2026-03-02 15:00:00,32.0,22.1,56,0.0,,50,20.0,,1006.0,,1
2026-03-02 16:00:00,33.0,23.0,56,0.0,,50,22.0,,1005.0,,1
2026-03-02 17:00:00,32.0,23.0,59,0.0,,50,20.0,,1005.0,,1
2026-03-02 18:00:00,32.0,24.1,63,0.0,,50,20.0,,1005.0,,1
2026-03-02 19:00:00,31.0,23.1,63,0.0,,50,15.0,,1004.0,,1
2026-03-02 20:00:00,28.0,21.0,66,0.0,,50,9.0,,1004.0,,1
2026-03-02 21:00:00,26.0,20.1,70,0.0,,50,11.0,,1005.0,,1
2026-03-02 22:00:00,24.5,17.7,66,0.0,,66,15.8,,1006.8,,2
2026-03-02 23:00:00,23.5,17.7,70,0.0,,70,14.0,,1007.6,,1
2026-03-03 00:00:00,22.7,17.8,74,0.0,,72,14.4,,1007.9,,3
2026-03-03 01:00:00,22.6,17.7,74,0.0,,67,15.8,,1007.9,,3
2026-03-03 02:00:00,22.4,17.7,75,0.0,,62,15.1,,1007.8,,3
2026-03-03 03:00:00,22.2,17.8,76,0.0,,58,15.5,,1007.5,,3
2026-03-03 04:00:00,21.8,17.8,78,0.0,,64,13.0,,1007.7,,3
2026-03-03 05:00:00,21.1,17.9,82,0.0,,213,10.8,,1009.0,,3
2026-03-03 06:00:00,20.0,17.9,88,0.0,,160,15.0,,1008.0,,3
2026-03-03 07:00:00,20.0,17.9,88,0.0,,160,11.0,,1009.0,,3
2026-03-03 08:00:00,20.0,19.0,94,0.0,,180,11.0,,1011.0,,3
2026-03-03 09:00:00,20.0,19.0,94,0.1,,200,15.0,,1012.0,,7
2026-03-03 10:00:00,20.0,19.0,94,0.1,,270,11.0,,1012.0,,7
2026-03-03 11:00:00,20.0,19.0,94,0.3,,270,7.0,,1011.0,,8
2026-03-03 12:00:00,20.0,20.0,100,0.3,,340,9.0,,1012.0,,8
2026-03-03 13:00:00,21.0,20.0,94,1.5,,20,4.0,,1010.0,,9
2026-03-03 14:00:00,22.0,21.0,94,0.7,,160,7.0,,1010.0,,8
2026-03-03 15:00:00,22.0,19.9,88,0.0,,180,22.0,,1010.0,,3
2026-03-03 16:00:00,21.0,21.0,100,0.0,,180,6.0,,1010.0,,3
2026-03-03 17:00:00,22.0,19.9,88,0.0,,180,7.0,,1010.0,,3
2026-03-03 18:00:00,22.0,21.0,94,0.0,,180,9.0,,1010.0,,3
2026-03-03 19:00:00,21.0,20.0,94,0.0,,200,11.0,,1009.0,,3
2026-03-03 20:00:00,21.0,20.0,94,0.0,,160,6.0,,1009.0,,3
2026-03-03 21:00:00,21.0,20.0,94,0.0,,90,4.0,,1011.0,,3
2026-03-03 22:00:00,22.4,20.9,91,0.0,,321,4.0,,1011.3,,3
2026-03-03 23:00:00,21.7,20.7,94,0.0,,281,4.3,,1011.6,,1
2026-03-04 00:00:00,21.1,20.3,95,0.0,,253,4.3,,1011.5,,1
2026-03-04 01:00:00,20.6,19.9,96,0.0,,249,4.3,,1011.4,,1
2026-03-04 02:00:00,20.3,19.8,97,0.0,,245,4.7,,1011.1,,1
2026-03-04 03:00:00,20.0,19.7,98,0.0,,220,4.7,,1010.8,,1
2026-03-04 04:00:00,19.6,19.3,98,0.0,,194,4.0,,1010.8,,1
2026-03-04 05:00:00,19.4,19.1,98,0.0,,150,4.3,,1010.9,,1
2026-03-04 06:00:00,16.0,16.0,100,0.0,,230,6.0,,1011.0,,5
2026-03-04 07:00:00,17.0,17.0,100,0.0,,230,7.0,,1012.0,,5
2026-03-04 08:00:00,18.0,18.0,100,0.0,,230,4.0,,1013.0,,5
2026-03-04 09:00:00,21.0,20.0,94,0.0,,230,4.0,,1013.0,,1
2026-03-04 10:00:00,25.0,22.1,84,0.0,,200,7.0,,1013.0,,1
2026-03-04 11:00:00,27.0,22.0,74,0.0,,180,7.0,,1013.0,,1
2026-03-04 12:00:00,29.0,23.0,70,0.0,,160,11.0,,1013.0,,1
2026-03-04 13:00:00,31.0,22.0,59,0.0,,160,11.0,,1012.0,,1
2026-03-04 14:00:00,32.0,22.1,56,0.0,,110,13.0,,1012.0,,1
2026-03-04 15:00:00,33.0,23.0,56,0.0,,110,15.0,,1012.0,,1
2026-03-04 16:00:00,33.0,23.9,59,0.0,,140,13.0,,1011.0,,1
2026-03-04 17:00:00,33.0,23.9,59,0.0,,160,17.0,,1011.0,,1
2026-03-04 18:00:00,31.0,23.1,63,0.0,,160,13.0,,1011.0,,1
2026-03-04 19:00:00,29.0,21.0,62,0.0,,140,9.0,,1012.0,,1
2026-03-04 20:00:00,24.5,14.3,53,0.0,,165,15.8,,1013.2,,1
2026-03-04 21:00:00,25.0,18.0,65,0.0,,140,9.0,,1013.0,,1
2026-03-04 22:00:00,22.4,14.5,61,0.0,,146,15.1,,1015.2,,1
2026-03-04 23:00:00,21.0,15.3,70,0.0,,147,14.0,,1015.4,,1
2026-03-05 00:00:00,20.7,18.1,85,0.0,,146,13.3,,1015.2,,1
2026-03-05 01:00:00,20.7,19.4,92,0.0,,147,14.4,,1015.1,,1
2026-03-05 02:00:00,20.7,19.7,94,0.0,,148,15.8,,1014.9,,1
2026-03-05 03:00:00,20.6,19.8,95,0.0,,142,17.3,,1014.3,,1
2026-03-05 04:00:00,20.5,19.7,95,0.0,,136,19.1,,1013.9,,1
2026-03-05 05:00:00,20.8,19.4,92,0.0,,129,19.1,,1013.5,,2
2026-03-05 06:00:00,19.0,19.0,100,0.0,,90,7.0,,1015.0,,3
2026-03-05 07:00:00,19.0,19.0,100,0.0,,90,6.0,,1015.0,,3
2026-03-05 08:00:00,21.0,20.0,94,0.0,,90,11.0,,1015.0,,2
2026-03-05 09:00:00,22.0,19.9,88,0.0,,70,19.0,,1015.0,,1
2026-03-05 10:00:00,25.0,21.1,79,0.0,,90,11.0,,1015.0,,3
2026-03-05 11:00:00,28.0,22.0,70,0.0,,50,19.0,,1015.0,,3
2026-03-05 12:00:00,29.0,22.0,66,0.0,,90,15.0,,1015.0,,3
2026-03-05 13:00:00,30.0,25.1,75,0.0,,90,15.0,,1014.0,,3
2026-03-05 14:00:00,32.0,24.1,63,0.0,,90,19.0,,1014.0,,3
2026-03-05 15:00:00,31.0,23.9,66,0.0,,90,15.0,,1013.0,,3
2026-03-05 16:00:00,32.0,24.1,63,0.0,,90,15.0,,1013.0,,3
2026-03-05 17:00:00,32.0,25.1,67,0.0,,140,11.0,,1013.0,,3
2026-03-05 18:00:00,30.0,25.1,75,0.0,,160,15.0,,1013.0,,2
2026-03-05 19:00:00,27.0,24.1,84,0.0,,160,15.0,,1013.0,,3
2026-03-05 20:00:00,26.0,23.1,84,0.0,,140,15.0,,1013.0,,3
2026-03-05 21:00:00,25.0,22.1,84,0.0,,110,19.0,,1014.0,,3
2026-03-05 22:00:00,23.2,18.3,74,0.0,,130,24.1,,1016.3,,3
2026-03-05 23:00:00,23.1,18.2,74,0.0,,120,22.7,,1016.5,,3
2026-03-06 00:00:00,22.5,17.8,75,0.0,,116,19.8,,1016.5,,3
2026-03-06 01:00:00,22.0,18.0,78,0.0,,111,17.3,,1016.4,,3
2026-03-06 02:00:00,21.6,18.0,80,0.0,,111,17.6,,1015.9,,3
2026-03-06 03:00:00,21.4,18.0,81,0.0,,113,16.9,,1015.6,,3
2026-03-06 04:00:00,21.3,17.7,80,0.0,,106,18.4,,1015.2,,3
2026-03-06 05:00:00,21.0,17.6,81,0.0,,106,14.8,,1015.4,,3
2026-03-06 06:00:00,22.0,19.9,88,0.0,,50,13.0,,1014.0,,3
2026-03-06 07:00:00,21.0,20.0,94,0.0,,50,15.0,,1015.0,,3
2026-03-06 08:00:00,21.0,20.0,94,0.2,,70,7.0,,1016.0,,7
2026-03-06 09:00:00,22.0,18.0,78,0.1,,70,7.0,,1016.0,,7
2026-03-06 10:00:00,23.0,21.1,89,0.0,,90,9.0,,1016.0,,3
2026-03-06 11:00:00,24.0,20.9,83,0.0,,90,9.0,,1015.0,,3
2026-03-06 12:00:00,25.0,21.1,79,0.0,,90,11.0,,1015.0,,3
2026-03-06 13:00:00,25.0,22.1,84,0.2,,110,11.0,,1015.0,,7
2026-03-06 14:00:00,25.0,22.1,84,0.0,,110,9.0,,1014.0,,3
2026-03-06 15:00:00,26.0,22.1,79,0.0,,140,9.0,,1013.0,,3
2026-03-06 16:00:00,26.0,22.1,79,0.0,,160,9.0,,1013.0,,3
2026-03-06 17:00:00,26.0,22.1,79,0.0,,160,9.0,,1012.0,,3
2026-03-06 18:00:00,24.0,20.9,83,0.0,,160,7.0,,1012.0,,3
2026-03-06 19:00:00,24.0,20.9,83,0.0,,140,9.0,,1012.0,,3
2026-03-06 20:00:00,24.0,20.9,83,0.0,,140,7.0,,1012.0,,3
2026-03-06 21:00:00,23.0,21.1,89,0.0,,140,9.0,,1013.0,,3
2026-03-06 22:00:00,22.1,18.1,78,0.0,,117,15.5,,1014.7,,3
2026-03-06 23:00:00,21.5,18.1,81,0.0,,118,14.8,,1014.9,,3
2026-03-07 00:00:00,21.0,18.2,84,0.0,,119,13.3,,1014.8,,3
2026-03-07 01:00:00,20.6,18.4,87,0.0,,121,13.3,,1014.4,,2
2026-03-07 02:00:00,20.4,18.5,89,0.0,,122,13.0,,1013.9,,2
2026-03-07 03:00:00,20.1,18.4,90,0.0,,127,11.9,,1013.4,,2
2026-03-07 04:00:00,19.8,18.5,92,0.0,,129,11.9,,1013.2,,2
2026-03-07 05:00:00,19.0,17.7,92,0.0,,127,14.0,,1013.2,,2
2026-03-07 06:00:00,18.0,18.0,100,0.0,,140,4.0,,1013.0,,3
2026-03-07 07:00:00,18.0,18.0,100,0.0,,140,9.0,,1013.0,,1
2026-03-07 08:00:00,19.0,19.0,100,0.0,,110,11.0,,1013.0,,1
2026-03-07 09:00:00,20.0,19.0,94,0.0,,110,11.0,,1014.0,,3
2026-03-07 10:00:00,22.0,19.0,83,0.0,,110,15.0,,1014.0,,2
2026-03-07 11:00:00,23.0,20.0,83,0.0,,90,15.0,,1014.0,,3
2026-03-07 12:00:00,24.0,20.9,83,0.0,,90,15.0,,1014.0,,3
2026-03-07 13:00:00,25.0,20.0,74,0.0,,90,15.0,,1014.0,,3
2026-03-07 14:00:00,27.0,21.0,70,0.0,,90,15.0,,1013.0,,3
2026-03-07 15:00:00,28.0,21.0,66,0.0,,90,15.0,,1012.0,,3
2026-03-07 16:00:00,28.0,22.0,70,0.0,,90,15.0,,1012.0,,3
2026-03-07 17:00:00,28.0,21.0,66,0.0,,90,19.0,,1011.0,,3
2026-03-07 18:00:00,27.0,21.0,70,0.0,,90,15.0,,1011.0,,3
2026-03-07 19:00:00,26.0,21.0,74,0.0,,90,9.0,,1011.0,,2
2026-03-07 20:00:00,24.0,19.1,74,0.0,,110,4.0,,1012.0,,1
2026-03-07 21:00:00,23.0,19.0,78,0.0,,90,6.0,,1012.0,,3
2026-03-07 22:00:00,22.8,15.4,63,0.0,,103,19.1,,1013.9,,3
2026-03-07 23:00:00,22.0,15.3,66,0.0,,105,20.9,,1013.9,,3
2026-03-08 00:00:00,20.6,15.2,71,0.0,,104,18.7,,1014.3,,3
2026-03-08 01:00:00,19.7,15.1,75,0.0,,102,17.3,,1014.9,,1
2026-03-08 02:00:00,19.2,15.3,78,0.0,,100,15.5,,1015.1,,1
2026-03-08 03:00:00,18.6,15.3,81,0.0,,101,14.4,,1014.9,,1
2026-03-08 04:00:00,18.2,15.3,83,0.0,,105,14.0,,1014.9,,1
2026-03-08 05:00:00,17.8,15.1,84,0.0,,108,14.0,,1015.0,,1
2026-03-08 06:00:00,17.0,16.0,94,0.0,,360,6.0,,1015.0,,1
2026-03-08 07:00:00,17.0,16.0,94,0.0,,90,9.0,,1015.0,,1
2026-03-08 08:00:00,18.0,17.0,94,0.0,,90,9.0,,1015.0,,1
2026-03-08 09:00:00,20.0,17.0,83,0.0,,90,17.0,,1016.0,,1
2026-03-08 10:00:00,22.0,18.0,78,0.0,,50,19.0,,1016.0,,3
2026-03-08 11:00:00,23.0,19.0,78,0.0,,50,22.0,,1015.0,,3
2026-03-08 12:00:00,24.0,19.1,74,0.0,,50,19.0,,1014.0,,3
2026-03-08 13:00:00,25.0,20.0,74,0.0,,50,22.0,,1014.0,,3
2026-03-08 14:00:00,25.0,18.9,69,0.0,,50,17.0,,1014.0,,3
2026-03-08 15:00:00,26.0,18.9,65,0.0,,50,19.0,,1014.0,,3
2026-03-08 16:00:00,27.0,20.1,66,0.0,,50,15.0,,1014.0,,3
2026-03-08 17:00:00,27.0,20.1,66,0.0,,360,15.0,,1014.0,,3
2026-03-08 18:00:00,25.0,18.9,69,0.0,,50,9.0,,1013.0,,3
2026-03-08 19:00:00,24.0,19.1,74,0.0,,50,11.0,,1014.0,,3
2026-03-08 20:00:00,23.0,19.0,78,0.0,,90,11.0,,1014.0,,3
2026-03-08 21:00:00,23.0,18.1,74,0.0,,50,15.0,,1014.0,,3
2026-03-08 22:00:00,22.9,14.7,60,0.0,,98,21.2,,1016.2,,3
2026-03-08 23:00:00,22.2,14.6,62,0.0,,100,20.9,,1017.1,,3
2026-03-09 00:00:00,22.0,13.6,59,0.0,,90,22.7,,1017.6,,3
2026-03-09 01:00:00,21.0,12.7,59,0.0,,89,22.7,,1017.8,,3
2026-03-09 02:00:00,19.8,12.1,61,0.0,,93,20.2,,1017.9,,2
2026-03-09 03:00:00,19.2,12.0,63,0.0,,93,20.2,,1017.6,,3
2026-03-09 04:00:00,19.3,13.5,69,0.0,,86,19.1,,1017.4,,2
2026-03-09 05:00:00,19.2,13.1,68,0.0,,84,18.7,,1017.1,,3
2026-03-09 06:00:00,19.0,16.0,83,0.0,,70,13.0,,1018.0,,3
2026-03-09 07:00:00,19.0,15.1,78,0.0,,70,11.0,,1019.0,,2
2026-03-09 08:00:00,19.0,15.1,78,0.0,,70,5.0,,1019.0,,2
2026-03-09 09:00:00,21.0,15.1,69,0.0,,70,10.0,,1020.0,,2
2026-03-09 10:00:00,22.0,16.0,69,0.0,,50,22.0,,1020.0,,1
2026-03-09 11:00:00,24.0,14.1,54,0.0,,50,24.0,,1019.0,,1
2026-03-09 12:00:00,25.0,15.0,54,0.0,,50,24.0,,1019.0,,1
2026-03-09 13:00:00,26.0,16.0,54,0.0,,50,19.0,,1018.0,,1
2026-03-09 14:00:00,27.0,15.0,48,0.0,,50,19.0,,1018.0,,1
2026-03-09 15:00:00,28.0,16.0,48,0.0,,70,17.0,,1017.0,,1
2026-03-09 16:00:00,28.0,16.0,48,0.0,,50,19.0,,1017.0,,1
2026-03-09 17:00:00,28.0,16.0,48,0.0,,50,17.0,,1016.0,,1
2026-03-09 18:00:00,28.0,16.0,48,0.0,,50,13.0,,1016.0,,1
2026-03-09 19:00:00,27.0,16.0,51,0.0,,50,13.0,,1016.0,,1
2026-03-09 20:00:00,25.0,15.0,54,0.0,,70,7.0,,1016.0,,1
2026-03-09 21:00:00,23.0,14.0,57,0.0,,90,6.0,,1017.0,,1
2026-03-09 22:00:00,20.5,13.2,63,0.0,,88,16.2,,1018.2,,1
2026-03-09 23:00:00,20.5,13.0,62,0.0,,82,17.3,,1018.4,,1
2026-03-10 00:00:00,19.9,13.1,65,0.0,,76,14.8,,1018.6,,1
2026-03-10 01:00:00,19.2,13.1,68,0.0,,72,13.0,,1018.7,,1
2026-03-10 02:00:00,19.1,14.6,75,0.0,,76,13.7,,1018.5,,1
2026-03-10 03:00:00,18.6,14.7,78,0.0,,79,12.6,,1018.3,,1
2026-03-10 04:00:00,18.1,14.6,80,0.0,,77,12.6,,1018.3,,1
2026-03-10 05:00:00,17.7,14.4,81,0.0,,76,11.9,,1018.4,,1
2026-03-10 06:00:00,18.0,15.1,83,0.0,,50,9.0,,1019.0,,1
2026-03-10 07:00:00,17.0,15.0,88,0.0,,50,9.0,,1019.0,,1
2026-03-10 08:00:00,18.0,15.1,83,0.0,,50,11.0,,1020.0,,1
2026-03-10 09:00:00,20.0,16.0,78,0.0,,50,15.0,,1020.0,,1
2026-03-10 10:00:00,22.0,14.1,61,0.0,,5,17.0,,1020.0,,1
2026-03-10 11:00:00,24.0,14.1,54,0.0,,50,13.0,,1019.0,,1
2026-03-10 12:00:00,25.0,12.9,47,0.0,,20,11.0,,1019.0,,1
2026-03-10 13:00:00,27.0,14.0,45,0.0,,50,11.0,,1019.0,,1
2026-03-10 14:00:00,27.0,11.8,39,0.0,,70,15.0,,1018.0,,1
2026-03-10 15:00:00,28.0,11.1,35,0.0,,90,11.0,,1017.0,,1
2026-03-10 16:00:00,28.0,11.9,37,0.0,,110,9.0,,1017.0,,1
2026-03-10 17:00:00,28.0,11.9,37,0.0,,110,7.0,,1016.0,,1
2026-03-10 18:00:00,27.0,14.0,45,0.0,,140,7.0,,1016.0,,2
2026-03-10 19:00:00,25.0,13.8,50,0.0,,140,4.0,,1016.0,,3
2026-03-10 20:00:00,22.0,15.1,65,0.0,,140,9.0,,1016.0,,3
2026-03-10 21:00:00,21.0,15.1,69,0.0,,160,4.0,,1017.0,,3
2026-03-10 22:00:00,20.6,13.1,62,0.0,,83,14.0,,1018.5,,3
2026-03-10 23:00:00,20.3,13.3,64,0.0,,82,13.3,,1018.5,,3
2026-03-11 00:00:00,19.7,13.6,68,0.0,,89,11.5,,1018.4,,3
2026-03-11 01:00:00,19.0,13.8,72,0.0,,92,10.8,,1018.4,,3
2026-03-11 02:00:00,18.6,16.2,86,0.0,,91,10.4,,1017.9,,3
2026-03-11 03:00:00,18.1,16.4,90,0.0,,92,9.4,,1017.3,,1
2026-03-11 04:00:00,17.6,16.3,92,0.0,,102,7.9,,1017.2,,1
2026-03-11 05:00:00,17.5,16.4,93,0.0,,112,8.6,,1017.2,,1
2026-03-11 06:00:00,17.0,16.0,94,0.0,,90,4.0,,1017.0,,1
2026-03-11 07:00:00,16.0,15.0,94,0.0,,0,0.0,,1018.0,,1
2026-03-11 08:00:00,18.0,16.0,88,0.0,,90,6.0,,1018.0,,1
2026-03-11 09:00:00,20.0,16.0,78,0.0,,5,11.0,,1018.0,,1
2026-03-11 10:00:00,22.0,16.0,69,0.0,,50,11.0,,1018.0,,1
2026-03-11 11:00:00,24.0,17.0,65,0.0,,90,11.0,,1017.0,,1
2026-03-11 12:00:00,26.0,15.1,51,0.0,,90,15.0,,1016.0,,2
2026-03-11 13:00:00,27.0,14.0,45,0.0,,90,15.0,,1016.0,,3
2026-03-11 14:00:00,27.0,14.0,45,0.0,,90,15.0,,1015.0,,3
2026-03-11 15:00:00,28.0,13.9,42,0.0,,70,11.0,,1015.0,,3
2026-03-11 16:00:00,29.0,14.0,40,0.0,,90,11.0,,1014.0,,3
2026-03-11 17:00:00,28.0,13.9,42,0.0,,90,11.0,,1013.0,,2
2026-03-11 18:00:00,26.7,14.1,46,0.0,,110,7.0,,1013.0,,2
2026-03-11 19:00:00,26.0,17.1,58,0.0,,110,9.0,,1013.0,,1
2026-03-11 20:00:00,23.0,18.1,74,0.0,,110,4.0,,1014.0,,2
2026-03-11 21:00:00,22.0,18.0,78,0.0,,110,4.0,,1015.0,,3
2026-03-11 22:00:00,21.4,16.8,75,0.0,,108,12.6,,1016.2,,1
2026-03-11 23:00:00,20.9,16.7,77,0.0,,111,12.6,,1016.5,,2
2026-03-12 00:00:00,20.5,17.5,83,0.0,,117,13.0,,1016.3,,1
2026-03-12 01:00:00,19.9,17.5,86,0.0,,116,12.2,,1016.7,,1
2026-03-12 02:00:00,19.2,17.3,89,0.0,,113,11.9,,1016.6,,1
2026-03-12 03:00:00,18.6,17.1,91,0.0,,116,10.4,,1016.2,,1
2026-03-12 04:00:00,18.1,16.9,93,0.0,,126,9.0,,1016.1,,1
2026-03-12 05:00:00,17.8,16.7,93,0.0,,138,9.7,,1016.1,,1
2026-03-12 06:00:00,17.0,16.0,94,0.0,,140,7.0,,1016.0,,1
2026-03-12 07:00:00,17.0,17.0,100,0.0,,140,7.0,,1016.0,,1
2026-03-12 08:00:00,18.0,17.0,94,0.0,,140,7.0,,1017.0,,1
2026-03-12 09:00:00,21.0,18.0,83,0.0,,110,6.0,,1016.0,,2
2026-03-12 10:00:00,23.0,18.1,74,0.0,,110,9.0,,1017.0,,3
2026-03-12 11:00:00,24.0,18.0,69,0.0,,90,11.0,,1016.0,,3
2026-03-12 12:00:00,25.0,16.9,61,0.0,,90,13.0,,1016.0,,3
2026-03-12 13:00:00,27.0,16.9,54,0.0,,90,15.0,,1015.0,,3
2026-03-12 14:00:00,29.0,15.8,45,0.0,,90,11.0,,1014.0,,3
2026-03-12 15:00:00,29.0,15.8,45,0.0,,90,13.0,,1013.0,,3
2026-03-12 16:00:00,29.0,15.1,43,0.0,,90,13.0,,1013.0,,2
2026-03-12 17:00:00,28.0,16.0,48,0.0,,110,4.0,,1012.0,,2
2026-03-12 18:00:00,29.0,15.8,45,0.0,,90,13.0,,1012.0,,2
2026-03-12 19:00:00,25.0,15.0,54,0.0,,173,22.7,,1012.8,,3
2026-03-12 20:00:00,26.0,16.0,54,0.0,,110,4.0,,1012.0,,3
2026-03-12 21:00:00,24.0,18.0,69,0.0,,110,4.0,,1013.0,,2
2026-03-12 22:00:00,21.8,16.5,72,0.0,,97,10.1,,1015.1,,2
2026-03-12 23:00:00,21.3,16.5,74,0.0,,105,9.7,,1015.2,,2
2026-03-13 00:00:00,20.8,17.0,79,0.0,,106,11.2,,1015.0,,1
2026-03-13 01:00:00,20.2,17.2,83,0.0,,106,9.7,,1015.0,,1
2026-03-13 02:00:00,19.3,16.9,86,0.0,,102,7.2,,1014.9,,1
2026-03-13 03:00:00,18.7,16.8,89,0.0,,99,6.8,,1014.6,,1
2026-03-13 04:00:00,18.4,16.9,91,0.0,,104,7.6,,1014.6,,1
2026-03-13 05:00:00,18.2,16.9,92,0.0,,94,7.9,,1014.4,,1
2026-03-13 06:00:00,18.0,17.0,94,0.0,,50,6.0,,1013.0,,1
2026-03-13 07:00:00,18.0,16.0,88,0.0,,5,4.0,,1013.0,,1
2026-03-13 08:00:00,19.0,17.0,88,0.0,,70,6.0,,1014.0,,1
2026-03-13 09:00:00,21.0,17.0,78,0.0,,50,9.0,,1014.0,,1
2026-03-13 10:00:00,23.0,17.0,69,0.0,,50,11.0,,1014.0,,1
2026-03-13 11:00:00,26.0,16.0,54,0.0,,50,7.0,,1014.0,,1
2026-03-13 12:00:00,27.0,15.0,48,0.0,,50,7.0,,1014.0,,1
2026-03-13 13:00:00,28.0,14.9,45,0.0,,70,11.0,,1013.0,,1
2026-03-13 14:00:00,29.0,15.1,43,0.0,,70,11.0,,1012.0,,1
2026-03-13 15:00:00,30.0,22.9,66,0.0,,140,9.0,,1012.0,,1
2026-03-13 16:00:00,31.0,12.8,33,0.0,,140,9.0,,1011.0,,1
2026-03-13 17:00:00,30.0,12.0,33,0.0,,180,9.0,,1010.0,,1
2026-03-13 18:00:00,30.0,12.8,35,0.0,,90,7.0,,1010.0,,1
2026-03-13 19:00:00,28.0,13.9,42,0.0,,140,9.0,,1010.0,,1
2026-03-13 20:00:00,26.0,16.0,54,0.0,,140,7.0,,1010.0,,1
2026-03-13 21:00:00,24.0,17.0,65,0.0,,140,4.0,,1011.0,,1
2026-03-13 22:00:00,21.9,17.0,74,0.0,,152,10.8,,1011.7,,3
2026-03-13 23:00:00,21.2,17.6,80,0.0,,88,8.6,,1011.6,,3
2026-03-14 00:00:00,20.7,17.1,80,0.0,,38,6.8,,1011.8,,3
2026-03-14 01:00:00,19.7,16.1,80,0.0,,58,7.6,,1012.0,,3
2026-03-14 02:00:00,18.8,15.7,82,0.0,,58,6.1,,1012.1,,2
2026-03-14 03:00:00,18.2,15.3,83,0.0,,31,5.0,,1011.6,,1
2026-03-14 04:00:00,18.0,15.4,85,0.0,,48,3.2,,1011.8,,3
2026-03-14 05:00:00,17.9,15.5,86,0.0,,75,5.8,,1011.3,,3
2026-03-14 06:00:00,19.0,17.0,88,0.0,,90,6.0,,1011.0,,3
2026-03-14 07:00:00,18.0,16.0,88,0.0,,90,6.0,,1011.0,,3
2026-03-14 08:00:00,19.0,17.0,88,0.0,,50,6.0,,1011.0,,3
2026-03-14 09:00:00,20.0,17.0,83,0.0,,50,7.0,,1011.0,,3
2026-03-14 10:00:00,24.0,17.0,65,0.0,,50,6.0,,1011.0,,3
2026-03-14 11:00:00,26.0,17.1,58,0.0,,360,9.0,,1011.0,,3
2026-03-14 12:00:00,27.0,15.0,48,0.0,,320,7.0,,1010.0,,3
2026-03-14 13:00:00,27.0,15.0,48,0.0,,340,9.0,,1009.0,,3
2026-03-14 14:00:00,28.0,14.9,45,0.0,,340,9.0,,1009.0,,3
2026-03-14 15:00:00,28.0,13.9,42,0.0,,340,6.0,,1009.0,,3
2026-03-14 16:00:00,28.0,13.9,42,0.0,,320,6.0,,1008.0,,3
2026-03-14 17:00:00,28.0,13.9,42,0.0,,320,4.0,,1008.0,,3
2026-03-14 18:00:00,28.0,13.9,42,0.0,,320,6.0,,1007.0,,3
2026-03-14 19:00:00,27.0,16.0,51,0.0,,0,0.0,,1007.0,,3
2026-03-14 20:00:00,25.0,15.0,54,0.0,,0,0.0,,1007.0,,3
2026-03-14 21:00:00,24.0,14.9,57,0.0,,0,0.0,,1008.0,,3
2026-03-14 22:00:00,22.2,15.3,65,0.0,,117,8.6,,1008.6,,2
2026-03-14 23:00:00,21.4,15.7,70,0.0,,110,8.3,,1008.4,,1
2026-03-15 00:00:00,20.8,16.0,74,0.0,,93,7.9,,1008.4,,1
2026-03-15 01:00:00,20.2,16.0,77,0.0,,69,7.9,,1008.3,,1
2026-03-15 02:00:00,19.5,15.6,78,0.0,,51,7.9,,1007.8,,1
2026-03-15 03:00:00,19.0,15.3,79,0.0,,45,9.4,,1007.3,,1
2026-03-15 04:00:00,18.9,15.4,80,0.0,,31,11.2,,1007.0,,1
2026-03-15 05:00:00,19.0,15.7,81,0.0,,31,11.2,,1007.0,,1
2026-03-15 06:00:00,17.0,15.0,88,0.0,,50,4.0,,1006.0,,1
2026-03-15 07:00:00,17.0,15.0,88,0.0,,50,7.0,,1006.0,,1
2026-03-15 08:00:00,19.0,15.1,78,0.0,,20,7.0,,1007.0,,1
2026-03-15 09:00:00,23.0,16.1,65,0.0,,360,15.0,,1007.0,,1
2026-03-15 10:00:00,26.0,16.0,54,0.0,,360,19.0,,1007.0,,1
2026-03-15 11:00:00,29.0,15.8,45,0.0,,360,22.0,,1007.0,,1
2026-03-15 12:00:00,30.0,14.9,40,0.0,,340,22.0,,1007.0,,1
2026-03-15 13:00:00,32.0,15.0,36,0.0,,360,22.0,,1006.0,,2
2026-03-15 14:00:00,32.0,15.0,36,0.0,,320,19.0,,1005.0,,1
2026-03-15 15:00:00,33.0,15.9,36,0.0,,340,22.0,,1005.0,,2
2026-03-15 16:00:00,33.0,15.9,36,0.0,,320,19.0,,1004.0,,3
2026-03-15 17:00:00,33.0,17.2,39,0.0,,320,19.0,,1004.0,,3
2026-03-15 18:00:00,33.0,17.2,39,0.0,,340,15.0,,1004.0,,3
2026-03-15 19:00:00,31.0,16.9,43,0.0,,360,13.0,,1004.0,,2
2026-03-15 20:00:00,28.0,18.1,55,0.0,,20,7.0,,1004.0,,1
2026-03-15 21:00:00,27.0,18.0,58,0.0,,50,9.0,,1005.0,,1
2026-03-15 22:00:00,26.3,16.5,55,0.0,,47,16.6,,1005.6,,1
2026-03-15 23:00:00,25.8,17.4,60,0.0,,39,17.6,,1005.8,,1
2026-03-16 00:00:00,25.4,17.6,62,0.0,,38,17.6,,1006.0,,1
2026-03-16 01:00:00,25.1,17.8,64,0.0,,43,16.6,,1006.3,,1
2026-03-16 02:00:00,24.5,18.0,67,0.0,,46,15.1,,1006.5,,1
2026-03-16 03:00:00,23.9,18.1,70,0.0,,44,15.1,,1006.8,,1
2026-03-16 04:00:00,23.5,18.2,72,0.0,,43,14.8,,1006.7,,1
2026-03-16 05:00:00,23.3,18.4,74,0.0,,45,13.7,,1007.1,,2
2026-03-16 06:00:00,20.0,17.0,83,0.0,,360,9.0,,1006.0,,2
2026-03-16 07:00:00,20.0,17.0,83,0.0,,360,9.0,,1007.0,,3
2026-03-16 08:00:00,21.0,18.0,83,0.0,,360,7.0,,1007.0,,2
2026-03-16 09:00:00,24.0,18.0,69,0.0,,360,15.0,,1008.0,,3
2026-03-16 10:00:00,28.0,19.0,58,0.0,,270,11.0,,1008.0,,1
2026-03-16 11:00:00,30.0,20.0,55,0.0,,340,9.0,,1009.0,,2
2026-03-16 12:00:00,32.0,18.9,46,0.0,,360,11.0,,1008.0,,3
2026-03-16 13:00:00,33.0,18.0,41,0.9,,340,22.0,,1007.0,,17
2026-03-16 14:00:00,33.0,18.0,41,0.0,,360,22.0,,1007.0,,1
2026-03-16 15:00:00,34.0,18.1,39,0.0,,360,22.0,,1006.0,,2
2026-03-16 16:00:00,34.0,18.1,39,0.0,,340,22.0,,1005.0,,1
2026-03-16 17:00:00,34.0,18.9,41,0.0,,360,19.0,,1005.0,,1
2026-03-16 18:00:00,33.0,19.1,44,0.0,,360,22.0,,1005.0,,2
2026-03-16 19:00:00,32.0,17.8,43,0.0,,360,15.0,,1005.0,,2
2026-03-16 20:00:00,30.0,19.1,52,0.0,,50,9.0,,1005.0,,2
2026-03-16 21:00:00,29.0,19.0,55,0.0,,360,6.0,,1006.0,,1
2026-03-16 22:00:00,27.3,20.4,66,0.0,,45,18.4,,1006.3,,1
2026-03-16 23:00:00,26.6,20.2,68,0.0,,43,18.4,,1006.5,,1
2026-03-17 00:00:00,25.9,20.0,70,0.0,,35,18.7,,1006.7,,1
2026-03-17 01:00:00,25.3,19.7,71,0.0,,33,19.1,,1006.7,,1
2026-03-17 02:00:00,24.7,19.3,72,0.0,,28,19.4,,1006.3,,1
2026-03-17 03:00:00,24.5,19.1,72,0.0,,28,17.6,,1005.8,,3
2026-03-17 04:00:00,23.8,19.1,75,0.0,,37,17.6,,1005.3,,2
2026-03-17 05:00:00,23.6,19.1,76,0.0,,26,15.8,,1005.4,,1
2026-03-17 06:00:00,21.0,20.0,94,0.4,,320,6.0,,1007.0,,8
2026-03-17 07:00:00,22.0,19.0,83,1.3,,360,7.0,,1007.0,,9
2026-03-17 08:00:00,22.0,19.9,88,0.3,,20,7.0,,1008.0,,8
2026-03-17 09:00:00,25.0,20.0,74,0.1,,360,11.0,,1007.0,,7
2026-03-17 10:00:00,25.0,20.0,74,0.2,,360,19.0,,1007.0,,7
2026-03-17 11:00:00,26.0,20.1,70,0.2,,360,28.0,,1008.0,,7
2026-03-17 12:00:00,28.0,19.0,58,0.6,,340,19.0,,1007.0,,8
2026-03-17 13:00:00,30.0,21.1,59,0.3,,320,15.0,,1007.0,,8
2026-03-17 14:00:00,30.0,21.1,59,0.0,,290,11.0,,1007.0,,3
2026-03-17 15:00:00,30.0,21.9,62,0.1,,250,13.0,34.0,1008.0,,7
2026-03-17 16:00:00,22.0,21.0,94,0.2,,160,32.0,,1010.0,,7
2026-03-17 17:00:00,20.0,19.0,94,0.0,,140,17.0,,1009.0,,3
2026-03-17 18:00:00,20.0,17.9,88,0.0,,110,11.0,,1009.0,,2
2026-03-17 19:00:00,20.0,17.0,83,0.0,,110,7.0,,1009.0,,3
2026-03-17 20:00:00,24.1,21.2,84,0.0,,169,18.4,,1009.4,,3
2026-03-17 21:00:00,19.0,17.0,88,0.0,,200,13.0,,1011.0,,3
2026-03-17 22:00:00,23.1,21.4,90,0.0,,162,18.0,,1011.2,,2
2026-03-17 23:00:00,23.0,21.3,90,0.0,,158,16.9,,1011.7,,2
2026-03-18 00:00:00,22.9,21.2,90,0.0,,160,14.4,,1012.0,,3
2026-03-18 01:00:00,22.2,20.8,92,0.0,,157,14.4,,1012.1,,1
2026-03-18 02:00:00,21.9,20.7,93,0.0,,149,14.0,,1011.7,,2
2026-03-18 03:00:00,21.6,20.6,94,0.0,,154,13.0,,1011.4,,1
2026-03-18 04:00:00,21.4,20.4,94,0.0,,169,13.7,,1011.4,,2
2026-03-18 05:00:00,21.4,20.4,94,0.0,,174,15.5,,1011.7,,3
2026-03-18 06:00:00,17.0,17.0,100,0.0,,180,15.0,,1014.0,,3
2026-03-18 07:00:00,17.0,17.0,100,0.0,,180,15.0,,1015.0,,3
2026-03-18 08:00:00,18.0,17.0,94,0.0,,180,15.0,,1016.0,,3
2026-03-18 09:00:00,19.0,17.0,88,0.0,,180,11.0,,1016.0,,3
2026-03-18 10:00:00,21.0,18.0,83,0.0,,140,11.0,,1016.0,,3
2026-03-18 11:00:00,22.0,16.9,73,0.0,,140,13.0,,1016.0,,3
2026-03-18 12:00:00,24.0,16.0,61,0.0,,90,15.0,,1015.0,,2
2026-03-18 13:00:00,26.0,16.0,54,0.0,,90,15.0,,1015.0,,1
2026-03-18 14:00:00,26.0,15.1,51,0.0,,140,15.0,,1015.0,,1
2026-03-18 15:00:00,28.0,16.0,48,0.0,,110,19.0,,1014.0,,1
2026-03-18 16:00:00,29.0,15.1,43,0.0,,110,17.0,,1013.0,,1
2026-03-18 17:00:00,29.0,15.1,43,0.0,,110,13.0,,1013.0,,1
2026-03-18 18:00:00,28.0,13.1,40,0.0,,140,11.0,,1013.0,,1
2026-03-18 19:00:00,26.0,13.1,45,0.0,,140,7.0,,1013.0,,1
2026-03-18 20:00:00,23.0,12.9,53,0.0,,140,4.0,,1013.0,,1
2026-03-18 21:00:00,22.0,13.1,57,0.0,,140,4.0,,1014.0,,1
2026-03-18 22:00:00,20.8,14.7,68,0.0,,123,14.4,,1014.5,,1
2026-03-18 23:00:00,19.8,14.6,72,0.0,,117,13.0,,1014.7,,1
2026-03-19 00:00:00,18.9,14.4,75,0.0,,114,12.6,,1014.6,,1
2026-03-19 01:00:00,18.0,14.1,78,0.0,,111,12.2,,1014.4,,1
2026-03-19 02:00:00,17.3,14.0,81,0.0,,112,11.2,,1014.2,,1
2026-03-19 03:00:00,16.6,13.9,84,0.0,,117,10.8,,1013.5,,1
2026-03-19 04:00:00,16.1,14.1,88,0.0,,115,9.4,,1013.3,,1
2026-03-19 05:00:00,15.7,14.4,92,0.0,,109,9.0,,1013.1,,1
2026-03-19 06:00:00,15.0,12.0,82,0.0,,50,6.0,,1013.0,,1
2026-03-19 07:00:00,14.0,12.0,88,0.0,,50,9.0,,1013.0,,1
2026-03-19 08:00:00,16.0,12.9,82,0.0,,50,11.0,,1013.0,,1
2026-03-19 09:00:00,18.0,14.1,78,0.0,,50,15.0,,1013.0,,1
2026-03-19 10:00:00,21.0,15.1,69,0.0,,50,15.0,,1013.0,,1
2026-03-19 11:00:00,24.0,14.1,54,0.0,,90,15.0,,1013.0,,1
2026-03-19 12:00:00,25.0,11.9,44,0.0,,50,13.0,,1012.0,,1
2026-03-19 13:00:00,27.0,11.8,39,0.0,,70,17.0,,1011.0,,1
2026-03-19 14:00:00,30.0,10.0,29,0.0,,70,11.0,,1010.0,,1
2026-03-19 15:00:00,31.0,9.2,26,0.0,,70,11.0,,1009.0,,1
2026-03-19 16:00:00,31.0,9.2,26,0.0,,50,11.0,,1008.0,,1
2026-03-19 17:00:00,31.0,9.2,26,0.0,,50,11.0,,1007.0,,1
2026-03-19 18:00:00,31.0,9.8,27,0.0,,50,11.0,,1007.0,,1
2026-03-19 19:00:00,29.0,11.1,33,0.0,,50,7.0,,1007.0,,1
2026-03-19 20:00:00,25.0,12.9,47,0.0,,50,4.0,,1007.0,,1
2026-03-19 21:00:00,25.0,11.9,44,0.0,,50,11.0,,1007.0,,1
2026-03-19 22:00:00,21.3,13.7,62,0.0,,78,17.3,,1009.6,,1
2026-03-19 23:00:00,20.5,15.1,71,0.0,,67,15.8,,1009.6,,1
2026-03-20 00:00:00,20.0,16.2,79,0.0,,61,15.1,,1009.5,,1
2026-03-20 01:00:00,19.8,16.8,83,0.0,,66,15.1,,1009.2,,1
2026-03-20 02:00:00,19.4,17.0,86,0.0,,70,14.8,,1009.4,,1
2026-03-20 03:00:00,19.1,16.9,87,0.0,,70,14.8,,1008.9,,1
2026-03-20 04:00:00,18.9,16.9,88,0.0,,62,14.4,,1008.7,,1
2026-03-20 05:00:00,19.3,16.9,86,0.0,,69,14.0,,1008.4,,1
2026-03-20 06:00:00,18.0,16.0,88,0.0,,50,9.0,,1009.0,,1
2026-03-20 07:00:00,18.0,17.0,94,0.0,,50,11.0,,1009.0,,1
2026-03-20 08:00:00,18.0,17.0,94,0.0,,50,13.0,,1009.0,,1
2026-03-20 09:00:00,20.0,17.9,88,0.0,,50,17.0,,1009.0,,2
2026-03-20 10:00:00,23.0,19.0,78,0.0,,50,22.0,,1009.0,,3
2026-03-20 11:00:00,26.0,20.1,70,0.0,,20,22.0,,1009.0,,3
2026-03-20 12:00:00,28.0,20.0,62,0.0,,20,28.0,,1008.0,,3
2026-03-20 13:00:00,30.0,19.1,52,0.0,,20,24.0,,1007.0,,3
2026-03-20 14:00:00,29.0,19.0,55,0.0,,20,26.0,,1006.0,,3
2026-03-20 15:00:00,29.0,19.0,55,0.0,,20,20.0,,1005.0,,3
2026-03-20 16:00:00,30.3,18.0,48,0.0,,54,13.3,,1005.2,,3
2026-03-20 17:00:00,28.0,20.0,62,0.0,,340,4.0,,1004.0,,3
2026-03-20 18:00:00,27.0,20.1,66,0.0,,50,4.0,,1004.0,,3
2026-03-20 19:00:00,26.0,20.1,70,0.0,,90,6.0,,1004.0,,3
2026-03-20 20:00:00,25.0,22.1,84,0.0,,90,6.0,,1004.0,,3
2026-03-20 21:00:00,24.0,20.9,83,0.0,,110,7.0,,1005.0,,3
2026-03-20 22:00:00,25.6,18.8,66,0.0,,85,20.5,,1005.4,,3
2026-03-20 23:00:00,24.6,18.8,70,0.0,,83,22.3,,1005.0,,3
2026-03-21 00:00:00,23.9,18.8,73,0.0,,75,22.7,,1004.5,,3
2026-03-21 01:00:00,24.0,18.6,72,0.0,,64,19.8,,1004.2,,3
2026-03-21 02:00:00,23.5,19.2,77,0.7,,51,20.9,,1003.9,,8
2026-03-21 03:00:00,22.0,21.2,95,1.7,,26,13.7,,1004.0,,9
2026-03-21 04:00:00,21.8,21.1,96,3.4,,57,10.4,,1003.0,,9
2026-03-21 05:00:00,21.4,20.7,96,3.8,,58,11.5,,1003.0,,9
2026-03-21 06:00:00,19.0,19.0,100,5.1,,180,9.0,,1001.0,,8
2026-03-21 07:00:00,19.0,19.0,100,5.7,,180,19.0,,1002.0,,8
2026-03-21 08:00:00,19.0,19.0,100,6.0,,180,28.0,,1002.0,,25
2026-03-21 09:00:00,18.0,18.0,100,9.0,,180,11.0,,1002.0,,9
2026-03-21 10:00:00,19.0,18.0,94,11.7,,200,11.0,,1003.0,,9
2026-03-21 11:00:00,20.0,17.9,88,7.2,,200,7.0,,1003.0,,9
2026-03-21 12:00:00,21.0,18.0,83,1.9,,50,6.0,,1002.0,,9
2026-03-21 13:00:00,22.0,18.0,78,0.2,,230,15.0,,1004.0,,7
2026-03-21 14:00:00,24.0,19.1,74,0.1,,230,19.0,,1005.0,,7
2026-03-21 15:00:00,24.0,19.1,74,0.1,,230,32.0,,1005.0,,7
2026-03-21 16:00:00,19.0,18.0,94,0.0,,230,37.0,33.0,1007.0,,8
2026-03-21 17:00:00,19.0,14.0,73,0.0,,180,32.0,,1008.0,,3
2026-03-21 18:00:00,20.0,13.9,68,0.0,,180,15.0,,1007.0,,1
2026-03-21 19:00:00,19.0,13.0,68,0.0,,200,19.0,,1009.0,,1
2026-03-21 20:00:00,17.0,12.9,77,0.0,,200,15.0,,1010.0,,1
2026-03-21 21:00:00,16.0,12.9,82,0.0,,180,9.0,,1011.0,,1
2026-03-21 22:00:00,17.5,11.1,66,0.0,,216,13.7,,1011.4,,1
2026-03-21 23:00:00,16.3,11.0,71,0.0,,214,11.5,,1011.8,,1
2026-03-22 00:00:00,15.3,11.1,76,0.0,,216,9.7,,1011.9,,1
2026-03-22 01:00:00,13.7,12.4,92,0.0,,265,6.8,,1013.1,,1
2026-03-22 02:00:00,13.5,12.2,92,0.0,,260,7.2,,1012.8,,1
2026-03-22 03:00:00,13.1,11.8,92,0.0,,264,6.8,,1013.0,,1
2026-03-22 04:00:00,12.7,11.4,92,0.0,,268,6.5,,1013.0,,1
2026-03-22 05:00:00,12.4,11.1,92,0.0,,258,7.6,,1013.0,,1
2026-03-22 06:00:00,9.0,9.0,100,0.0,,180,4.0,,1013.0,,1
2026-03-22 07:00:00,9.0,9.0,100,0.0,,0,0.0,,1014.0,,1
2026-03-22 08:00:00,10.0,9.1,94,0.0,,360,4.0,,1014.0,,1
2026-03-22 09:00:00,14.0,13.0,94,0.0,,0,0.0,,1014.0,,1
2026-03-22 10:00:00,18.0,12.0,68,0.0,,50,6.0,,1014.0,,1
2026-03-22 11:00:00,20.0,10.1,53,0.0,,90,9.0,,1014.0,,1
2026-03-22 12:00:00,21.0,11.0,53,0.0,,90,9.0,,1014.0,,1
2026-03-22 13:00:00,22.0,10.2,47,0.0,,90,7.0,,1013.0,,1
2026-03-22 14:00:00,23.0,9.0,41,0.0,,90,7.0,,1013.0,,1
2026-03-22 15:00:00,24.0,9.2,39,0.0,,50,13.0,,1012.0,,1
2026-03-22 16:00:00,25.0,10.8,41,0.0,,360,7.0,,1011.0,,1
2026-03-22 17:00:00,24.0,9.9,41,0.0,,50,13.0,,1010.0,,1
2026-03-22 18:00:00,24.0,11.0,44,0.0,,50,15.0,,1010.0,,2
2026-03-22 19:00:00,23.0,12.0,50,0.0,,50,7.0,,1010.0,,2
2026-03-22 20:00:00,20.0,12.0,60,0.0,,90,6.0,,1010.0,,1
2026-03-22 21:00:00,20.0,10.9,56,0.0,,90,6.0,,1010.0,,1
2026-03-22 22:00:00,18.4,13.5,73,0.0,,91,13.0,,1012.0,,1
2026-03-22 23:00:00,19.1,12.8,67,0.0,,78,10.1,,1011.8,,2
2026-03-23 00:00:00,18.8,13.4,71,0.1,,79,11.2,,1011.3,,7
2026-03-23 01:00:00,18.3,14.2,77,0.2,,78,7.6,,1011.8,,17
2026-03-23 02:00:00,18.0,14.3,79,0.4,,95,5.8,,1011.3,,17
2026-03-23 03:00:00,17.8,14.5,81,0.0,,113,6.1,,1010.9,,3
2026-03-23 04:00:00,17.7,15.5,87,0.2,,166,9.4,,1010.4,,7
2026-03-23 05:00:00,17.5,16.2,92,0.1,,168,8.6,,1010.5,,7
2026-03-23 06:00:00,17.0,16.0,94,0.0,,140,7.0,,1010.0,,3
2026-03-23 07:00:00,17.0,17.0,100,0.1,,140,7.0,,1010.0,,7
2026-03-23 08:00:00,17.0,17.0,100,0.0,,160,4.0,,1010.0,,3
2026-03-23 09:00:00,17.0,17.0,100,0.2,,160,6.0,,1011.0,,7
2026-03-23 10:00:00,18.0,17.0,94,0.0,,90,4.0,,1010.0,,3
2026-03-23 11:00:00,18.0,18.0,100,0.4,,180,6.0,,1012.0,,8
2026-03-23 12:00:00,18.0,17.0,94,0.0,,180,15.0,,1013.0,,3
2026-03-23 13:00:00,20.0,17.0,83,0.0,,180,11.0,,1012.0,,3
2026-03-23 14:00:00,20.0,17.0,83,0.0,,160,7.0,,1012.0,,3
2026-03-23 15:00:00,21.0,17.0,78,0.0,,180,15.0,,1012.0,,3
2026-03-23 16:00:00,23.0,17.0,69,0.0,,180,15.0,,1011.0,,2
2026-03-23 17:00:00,24.0,14.9,57,0.0,,180,15.0,,1010.0,,2
2026-03-23 18:00:00,24.0,12.9,50,0.0,,180,15.0,,1010.0,,2
2026-03-23 19:00:00,21.0,12.9,60,0.0,,180,15.0,,1011.0,,1
2026-03-23 20:00:00,19.0,11.1,60,0.0,,180,19.0,,1011.0,,1
2026-03-23 21:00:00,18.0,9.1,56,0.0,,180,15.0,,1012.0,,1
2026-03-23 22:00:00,16.1,9.7,66,0.0,,212,14.4,,1014.2,,1
2026-03-23 23:00:00,14.7,9.1,69,0.0,,218,11.9,,1014.4,,1
2026-03-24 00:00:00,13.6,8.6,72,0.0,,222,10.8,,1014.7,,1
2026-03-24 01:00:00,12.9,8.4,74,0.0,,222,11.2,,1015.0,,1
2026-03-24 02:00:00,12.3,8.0,75,0.0,,221,10.8,,1015.0,,1
2026-03-24 03:00:00,11.6,7.7,77,0.0,,219,9.4,,1014.7,,1
2026-03-24 04:00:00,10.8,7.5,80,0.0,,222,7.6,,1014.4,,1
2026-03-24 05:00:00,10.1,7.3,83,0.0,,226,7.2,,1014.3,,1
2026-03-24 06:00:00,6.0,5.0,93,0.0,,340,4.0,,1014.0,,1
2026-03-24 07:00:00,8.9,6.9,87,0.0,,252,5.0,,1014.7,,1
2026-03-24 08:00:00,7.0,5.9,93,0.0,,0,0.0,,1014.0,,1
2026-03-24 09:00:00,12.0,8.1,77,0.0,,360,4.0,,1015.0,,1
2026-03-24 10:00:00,16.0,8.0,59,0.0,,360,7.0,,1015.0,,1
2026-03-24 11:00:00,18.0,5.9,45,0.0,,50,9.0,,1015.0,,1
2026-03-24 12:00:00,20.0,6.0,40,0.0,,360,4.0,,1014.0,,1
2026-03-24 13:00:00,21.0,6.1,38,0.0,,140,6.0,,1014.0,,1
2026-03-24 14:00:00,23.0,9.0,41,0.0,,90,11.0,,1013.0,,1
2026-03-24 15:00:00,24.0,8.0,36,0.0,,360,9.0,,1012.0,,1
2026-03-24 16:00:00,24.0,7.2,34,0.0,,360,13.0,,1012.0,,1
2026-03-24 17:00:00,24.0,7.2,34,0.0,,360,11.0,,1011.0,,1
2026-03-24 18:00:00,24.0,8.0,36,0.0,,20,11.0,,1011.0,,1
2026-03-24 19:00:00,22.0,10.2,47,0.0,,20,7.0,,1011.0,,1
2026-03-24 20:00:00,19.0,8.9,52,0.0,,20,9.0,,1012.0,,1
2026-03-24 21:00:00,18.0,11.1,64,0.0,,50,6.0,,1012.0,,1
2026-03-24 22:00:00,14.5,11.1,80,0.0,,50,6.1,,1013.5,,1
2026-03-24 23:00:00,13.8,11.0,83,0.0,,48,6.1,,1014.0,,1
2026-03-25 00:00:00,13.2,10.6,84,0.0,,41,7.2,,1014.5,,1
2026-03-25 01:00:00,12.7,10.2,85,0.0,,26,6.1,,1015.1,,1
2026-03-25 02:00:00,12.1,10.0,87,0.0,,355,4.0,,1015.6,,1
2026-03-25 03:00:00,11.8,10.0,89,0.0,,344,1.8,,1015.8,,1
2026-03-25 04:00:00,11.4,10.0,91,0.0,,143,1.4,,1015.8,,1
2026-03-25 05:00:00,10.9,10.0,94,0.0,,97,2.5,,1015.6,,1
2026-03-25 06:00:00,10.0,7.9,87,0.0,,0,0.0,,1016.0,,1
2026-03-25 07:00:00,9.0,8.1,94,0.0,,90,4.0,,1017.0,,1
2026-03-25 08:00:00,13.0,9.1,77,0.0,,140,6.0,,1017.0,,1
2026-03-25 09:00:00,18.0,13.1,73,0.0,,50,7.0,,1017.0,,1
2026-03-25 10:00:00,20.0,12.0,60,0.0,,90,7.0,,1018.0,,1
2026-03-25 11:00:00,22.0,11.1,50,0.0,,50,9.0,,1017.0,,1
2026-03-25 12:00:00,23.0,10.1,44,0.0,,70,6.0,,1017.0,,1
2026-03-25 13:00:00,24.0,9.9,41,0.0,,90,6.0,,1016.0,,1
2026-03-25 14:00:00,25.0,8.9,36,0.0,,110,7.0,,1016.0,,1
2026-03-25 15:00:00,26.0,8.0,32,0.0,,110,7.0,,1015.0,,1
2026-03-25 16:00:00,26.0,8.0,32,0.0,,20,6.0,,1015.0,,1
2026-03-25 17:00:00,26.0,10.2,37,0.0,,50,4.0,,1015.0,,1
2026-03-25 18:00:00,26.0,8.9,34,0.0,,90,6.0,,1015.0,,1
2026-03-25 19:00:00,24.0,11.0,44,0.0,,110,6.0,,1015.0,,1
2026-03-25 20:00:00,21.0,9.9,49,0.0,,110,4.0,,1015.0,,1
2026-03-25 21:00:00,18.0,12.0,68,0.0,,0,0.0,,1016.0,,1
2026-03-25 22:00:00,17.0,10.1,64,0.0,,132,7.9,,1016.8,,1
2026-03-25 23:00:00,16.3,11.7,74,0.0,,98,7.2,,1017.2,,1
2026-03-26 00:00:00,15.9,12.6,81,0.0,,82,6.8,,1017.4,,1
2026-03-26 01:00:00,15.6,12.5,82,0.0,,70,5.0,,1017.6,,1
2026-03-26 02:00:00,14.5,12.0,85,0.0,,48,5.4,,1017.5,,1
2026-03-26 03:00:00,13.8,11.5,86,0.0,,46,4.3,,1017.2,,1
2026-03-26 04:00:00,13.3,11.2,87,0.0,,55,4.0,,1016.8,,1
2026-03-26 05:00:00,13.0,11.1,88,0.0,,68,4.3,,1016.6,,1
2026-03-26 06:00:00,13.0,12.1,94,0.0,,90,6.0,,1017.0,,1
2026-03-26 07:00:00,11.0,9.1,88,0.0,,0,0.0,,1017.0,,1
2026-03-26 08:00:00,15.0,11.0,77,0.0,,50,6.0,,1017.0,,1
2026-03-26 09:00:00,18.0,12.0,68,0.0,,50,7.0,,1018.0,,1
2026-03-26 10:00:00,20.0,13.9,68,0.0,,50,13.0,,1017.0,,1
2026-03-26 11:00:00,23.0,14.0,57,0.0,,50,13.0,,1017.0,,1
2026-03-26 12:00:00,25.0,11.9,44,0.0,,50,17.0,,1017.0,,1
2026-03-26 13:00:00,25.0,10.8,41,0.0,,50,17.0,,1016.0,,1
2026-03-26 14:00:00,26.0,12.1,42,0.0,,50,13.0,,1015.0,,1
2026-03-26 15:00:00,27.0,13.0,42,0.0,,50,11.0,,1015.0,,1
2026-03-26 16:00:00,27.0,13.0,42,0.0,,70,11.0,,1014.0,,2
2026-03-26 17:00:00,27.0,13.0,42,0.0,,70,11.0,,1013.0,,2
2026-03-26 18:00:00,27.0,13.0,42,0.0,,70,15.0,,1013.0,,2
2026-03-26 19:00:00,25.0,12.9,47,0.0,,50,7.0,,1014.0,,1
2026-03-26 20:00:00,23.0,12.9,53,0.0,,50,6.0,,1014.0,,1
2026-03-26 21:00:00,21.0,13.9,64,0.0,,0,0.0,,1015.0,,1
2026-03-26 22:00:00,19.9,14.3,70,0.0,,89,12.2,,1015.6,,1
2026-03-26 23:00:00,19.1,14.1,73,0.0,,83,10.4,,1015.9,,1
2026-03-27 00:00:00,18.4,14.1,76,0.0,,81,9.0,,1016.0,,1
2026-03-27 01:00:00,18.0,14.5,80,0.0,,85,7.6,,1016.1,,1
2026-03-27 02:00:00,17.8,14.7,82,0.0,,86,7.2,,1016.1,,1
2026-03-27 03:00:00,17.5,14.9,85,0.0,,88,7.2,,1015.9,,1
2026-03-27 04:00:00,17.3,15.3,88,0.0,,87,7.2,,1015.5,,1
2026-03-27 05:00:00,17.2,15.5,90,0.0,,81,7.9,,1015.5,,1
2026-03-27 06:00:00,19.0,18.0,94,0.0,,50,6.0,,1015.0,,1
2026-03-27 07:00:00,19.0,19.0,100,0.0,,50,11.0,,1015.0,,1
2026-03-27 08:00:00,18.3,16.8,91,0.0,,82,10.4,,1016.1,,1
2026-03-27 09:00:00,20.8,18.0,84,0.0,,76,10.1,,1016.4,,1
2026-03-27 10:00:00,22.0,21.0,94,0.0,,50,11.0,,1016.0,,1
2026-03-27 11:00:00,24.0,20.9,83,0.0,,50,11.0,,1016.0,,1
2026-03-27 12:00:00,26.0,22.1,79,0.0,,340,13.0,,1015.0,,1
2026-03-27 13:00:00,27.0,21.0,70,0.0,,360,6.0,,1015.0,,1
2026-03-27 14:00:00,27.0,21.0,70,0.0,,360,9.0,,1014.0,,2
2026-03-27 15:00:00,28.0,20.0,62,0.0,,290,6.0,,1014.0,,2
2026-03-27 16:00:00,29.0,19.9,58,0.0,,200,7.0,,1013.0,,3
2026-03-27 17:00:00,29.0,19.9,58,0.0,,50,7.0,,1013.0,,3
2026-03-27 18:00:00,28.0,22.0,70,0.0,,90,6.0,,1013.0,,2
2026-03-27 19:00:00,27.0,22.0,74,0.0,,90,4.0,,1013.0,,3
2026-03-27 20:00:00,26.0,22.1,79,0.0,,90,4.0,,1013.0,,3
2026-03-27 21:00:00,25.0,21.1,79,0.0,,110,6.0,,1014.0,,3
2026-03-27 22:00:00,23.9,20.2,80,0.0,,109,9.7,,1015.0,,3
2026-03-27 23:00:00,23.1,20.4,85,0.0,,93,10.1,,1015.4,,3
2026-03-28 00:00:00,22.8,20.5,87,0.0,,85,10.8,,1015.4,,3
2026-03-28 01:00:00,22.6,20.7,89,0.2,,63,12.2,,1015.8,,17
2026-03-28 02:00:00,22.4,21.2,93,0.6,,56,15.8,,1015.4,,8
2026-03-28 03:00:00,22.1,21.4,96,0.3,,58,12.6,,1015.0,,17
2026-03-28 04:00:00,21.7,21.2,97,0.8,,66,11.9,,1014.7,,17
2026-03-28 05:00:00,21.5,21.2,98,0.3,,66,6.1,,1014.8,,17
2026-03-28 06:00:00,23.0,21.1,89,0.1,,140,7.0,,1014.0,,17
2026-03-28 07:00:00,23.0,22.0,94,1.1,,140,9.0,,1014.0,,18
2026-03-28 08:00:00,21.7,21.4,98,9.0,,140,11.0,,1015.0,,9
2026-03-28 09:00:00,23.0,22.0,94,0.6,,110,15.0,,1016.0,,8
2026-03-28 10:00:00,23.2,22.4,95,0.6,,44,8.6,,1016.6,,8
2026-03-28 11:00:00,23.8,23.3,97,6.4,,82,14.8,,1016.6,,9
2026-03-28 12:00:00,27.0,24.1,84,5.2,,50,20.0,,1015.0,,9
2026-03-28 13:00:00,29.0,24.1,75,0.0,,50,15.0,,1015.0,,3
2026-03-28 14:00:00,31.0,23.9,66,0.0,,50,15.0,,1014.0,,3
2026-03-28 15:00:00,31.0,23.9,66,0.0,,50,15.0,,1014.0,,3
2026-03-28 16:00:00,31.0,23.9,66,0.0,,20,17.0,,1014.0,,3
2026-03-28 17:00:00,32.0,24.1,63,0.5,,20,15.0,,1013.0,,8
2026-03-28 18:00:00,31.0,23.9,66,1.4,,20,17.0,,1013.0,,18
2026-03-28 19:00:00,30.0,25.1,75,0.0,,20,13.0,,1013.0,,2
2026-03-28 20:00:00,28.0,25.0,84,0.0,,50,11.0,,1014.0,,3
2026-03-28 21:00:00,27.0,25.0,89,0.0,,50,11.0,,1014.0,,2
2026-03-28 22:00:00,25.9,23.8,88,0.0,,66,14.0,,1014.0,,2
2026-03-28 23:00:00,25.4,23.6,90,0.0,,53,13.3,,1014.3,,2
2026-03-29 00:00:00,25.2,23.4,90,0.0,,41,10.8,,1014.3,,3
2026-03-29 01:00:00,24.9,23.3,91,0.0,,44,10.1,,1014.2,,1
2026-03-29 02:00:00,24.5,23.1,92,0.0,,47,10.1,,1014.0,,1
2026-03-29 03:00:00,24.1,22.9,93,0.0,,39,10.1,,1013.9,,1
2026-03-29 04:00:00,23.9,22.9,94,0.0,,19,9.4,,1013.9,,1
2026-03-29 05:00:00,23.8,22.8,94,0.0,,6,11.2,,1013.9,,2
2026-03-29 06:00:00,24.0,24.0,100,0.0,,50,11.0,,1015.0,,3
2026-03-29 07:00:00,24.0,23.0,94,0.0,,50,9.0,,1015.0,,5
2026-03-29 08:00:00,24.0,24.0,100,0.0,,20,7.0,,1015.0,,5
2026-03-29 09:00:00,26.0,24.0,89,0.0,,20,11.0,,1015.0,,3
2026-03-29 10:00:00,29.0,24.1,75,0.0,,360,19.0,,1015.0,,1
2026-03-29 11:00:00,31.0,23.9,66,0.0,,340,15.0,,1015.0,,3
2026-03-29 12:00:00,33.0,23.9,59,0.0,,320,19.0,,1015.0,,3
2026-03-29 13:00:00,34.0,24.0,56,0.0,,320,19.0,,1014.0,,3
2026-03-29 14:00:00,35.0,23.0,50,0.0,,290,15.0,,1014.0,,3
2026-03-29 15:00:00,35.0,23.0,50,0.2,,290,19.0,,1013.0,,7
2026-03-29 16:00:00,31.0,25.1,71,4.8,,180,17.0,,1013.0,,9
2026-03-29 17:00:00,32.0,25.1,67,0.6,,160,11.0,,1013.0,,8
2026-03-29 18:00:00,31.0,25.1,71,0.0,,110,7.0,,1013.0,,2
2026-03-29 19:00:00,30.0,25.1,75,0.0,,140,7.0,,1013.0,,2
2026-03-29 20:00:00,30.0,25.1,75,0.0,,140,7.0,,1013.0,,2
2026-03-29 21:00:00,27.0,25.0,89,0.0,,90,6.0,,1014.0,,2
2026-03-29 22:00:00,25.1,24.4,96,0.0,,78,11.9,,1015.8,,3
2026-03-29 23:00:00,24.9,24.2,96,0.0,,73,12.2,,1015.9,,3
2026-03-30 00:00:00,24.8,24.1,96,0.0,,58,10.4,,1016.0,,3
2026-03-30 01:00:00,24.6,23.9,96,0.0,,59,9.7,,1015.9,,3
2026-03-30 02:00:00,24.4,23.9,97,0.0,,55,9.7,,1015.5,,2
2026-03-30 03:00:00,24.2,23.7,97,0.0,,50,8.6,,1015.1,,1
2026-03-30 04:00:00,23.9,23.4,97,0.0,,76,10.1,,1015.2,,1
2026-03-30 05:00:00,23.7,23.4,98,0.6,,82,10.4,,1015.2,,17
2026-03-30 06:00:00,24.0,23.0,94,4.4,,20,7.0,,1014.0,,18
2026-03-30 07:00:00,24.0,23.0,94,0.2,,50,4.0,,1015.0,,17
2026-03-30 08:00:00,25.0,23.1,89,0.0,,70,3.0,,1015.0,,2
2026-03-30 09:00:00,26.0,24.0,89,0.0,,70,4.0,,1015.0,,1
2026-03-30 10:00:00,29.0,23.9,74,0.0,,50,3.0,,1015.0,,1
2026-03-30 11:00:00,31.0,24.9,70,0.0,,200,3.0,,1015.0,,1
2026-03-30 12:00:00,33.0,23.9,59,0.0,,360,4.0,,1015.0,,1
2026-03-30 13:00:00,35.0,24.0,53,0.0,,360,4.0,,1014.0,,1
2026-03-30 14:00:00,33.0,23.9,59,0.0,,270,6.0,,1013.0,,1
2026-03-30 15:00:00,34.0,24.0,56,0.0,,340,3.0,,1012.0,,2
2026-03-30 16:00:00,32.0,24.1,63,0.8,,360,5.0,,1011.0,,17
2026-03-30 17:00:00,33.0,23.9,59,0.0,,50,5.0,,1011.0,,2
2026-03-30 18:00:00,32.0,25.1,67,3.8,,70,7.0,,1011.0,,18
2026-03-30 19:00:00,30.0,22.9,66,0.0,,70,6.0,,1011.0,,3
2026-03-30 20:00:00,28.0,22.0,70,0.0,,50,2.0,,1012.0,,3
2026-03-30 21:00:00,27.0,23.0,79,0.0,,50,5.0,,1012.0,,2
2026-03-30 22:00:00,24.3,23.6,96,0.0,,75,7.6,,1012.9,,2
2026-03-30 23:00:00,24.0,23.5,97,0.0,,66,8.3,,1012.9,,2
2026-03-31 00:00:00,23.8,23.3,97,0.0,,62,8.3,,1012.6,,1
2026-03-31 01:00:00,23.6,23.3,98,0.0,,52,8.6,,1012.5,,1
2026-03-31 02:00:00,23.5,23.3,99,0.0,,64,9.0,,1012.1,,1
2026-03-31 03:00:00,23.4,23.2,99,0.0,,67,9.4,,1011.7,,1
2026-03-31 04:00:00,23.2,23.0,99,0.0,,66,7.6,,1011.3,,1
2026-03-31 05:00:00,23.1,22.9,99,0.0,,65,8.3,,1011.5,,1
2026-03-31 06:00:00,23.0,22.0,94,0.0,,50,5.0,,1011.0,,1
2026-03-31 07:00:00,23.0,22.0,94,0.0,,50,8.0,,1011.0,,1
2026-03-31 08:00:00,24.0,22.1,89,0.0,,20,8.0,,1011.0,,1
2026-03-31 09:00:00,25.0,23.1,89,0.0,,20,10.0,,1011.0,,1
2026-03-31 10:00:00,27.0,23.0,79,0.0,,20,12.0,,1011.0,,1
2026-03-31 11:00:00,29.0,23.9,74,0.0,,360,12.0,,1011.0,,1
2026-03-31 12:00:00,31.0,22.8,62,0.0,,360,10.0,,1011.0,,1
2026-03-31 13:00:00,32.0,23.0,59,0.0,,360,8.0,,1010.0,,1
2026-03-31 14:00:00,32.0,23.0,59,0.0,,360,8.0,,1010.0,,1
2026-03-31 15:00:00,33.0,23.9,59,0.0,,20,8.0,,1009.0,,1
2026-03-31 16:00:00,33.0,23.9,59,0.0,,360,8.0,,1008.0,,2
2026-03-31 17:00:00,32.0,24.1,63,0.2,,360,6.0,,1008.0,,17
2026-03-31 18:00:00,32.0,24.1,63,0.0,,50,5.0,,1008.0,,3
2026-03-31 19:00:00,30.0,23.9,70,0.0,,50,4.0,,1008.0,,2
2026-03-31 20:00:00,29.0,23.9,74,0.0,,50,4.0,,1008.0,,2
2026-03-31 21:00:00,28.0,24.0,79,0.0,,50,4.0,,1009.0,,2
2026-03-31 22:00:00,26.4,21.8,76,0.0,,61,13.7,,1009.6,,1
2026-03-31 23:00:00,25.9,21.8,78,0.0,,67,12.6,,1010.5,,1
2026-04-01 00:00:00,25.3,21.8,81,0.0,,73,12.2,,1011.2,,1
2026-04-01 01:00:00,24.8,21.3,81,0.0,,60,14.0,,1010.8,,1
2026-04-01 02:00:00,24.4,20.7,80,0.0,,47,15.5,,1010.1,,1
2026-04-01 03:00:00,24.0,20.3,80,0.0,,34,13.7,,1009.6,,1
2026-04-01 04:00:00,23.8,20.5,82,0.0,,51,10.1,,1009.6,,1
2026-04-01 05:00:00,23.3,20.2,83,0.0,,50,12.2,,1009.1,,1
2026-04-01 06:00:00,22.0,21.0,94,0.0,,50,4.0,,1009.0,,1
2026-04-01 07:00:00,22.0,21.0,94,0.0,,50,5.0,,1010.0,,1
2026-04-01 08:00:00,23.0,20.0,83,0.0,,50,6.0,,1010.0,,1
2026-04-01 09:00:00,24.0,20.9,83,0.0,,50,5.0,,1011.0,,1
2026-04-01 10:00:00,26.0,21.0,74,0.0,,50,7.0,,1011.0,,1
2026-04-01 11:00:00,29.5,20.6,59,0.0,,19,11.5,,1010.7,,1
2026-04-01 12:00:00,30.0,21.9,62,0.0,,360,4.0,,1011.0,,1
2026-04-01 13:00:00,31.0,22.0,59,0.0,,360,4.0,,1010.0,,1
2026-04-01 14:00:00,32.0,22.1,56,0.0,,50,3.0,,1009.0,,1
2026-04-01 15:00:00,31.0,22.0,59,0.0,,90,6.0,,1008.0,,1
2026-04-01 16:00:00,30.0,22.9,66,0.0,,90,6.0,,1008.0,,2
2026-04-01 17:00:00,31.0,22.0,59,0.0,,50,5.0,,1007.0,,1
2026-04-01 18:00:00,30.0,22.9,66,0.3,,90,4.0,,1008.0,,17
2026-04-01 19:00:00,28.0,24.0,79,0.5,,140,4.0,,1008.0,,17
2026-04-01 20:00:00,26.0,23.1,84,14.1,,180,3.0,,1009.0,,9
2026-04-01 21:00:00,25.0,21.9,83,0.5,,90,3.0,,1009.0,,8
2026-04-01 22:00:00,22.9,22.4,97,0.0,,14,3.2,,1009.9,,3
2026-04-01 23:00:00,23.0,22.3,96,0.0,,53,6.5,,1009.9,,3
2026-04-02 00:00:00,23.2,22.4,95,0.0,,39,9.0,,1009.8,,3
2026-04-02 01:00:00,23.0,22.3,96,0.0,,22,9.0,,1009.8,,3
2026-04-02 02:00:00,23.7,19.8,79,0.0,,57,6.8,,1010.6,,3
2026-04-02 03:00:00,23.7,20.0,80,0.0,,37,5.8,,1010.7,,3
2026-04-02 04:00:00,23.0,20.0,83,0.0,,2,6.1,,1010.2,,3
2026-04-02 05:00:00,22.7,19.9,84,0.0,,75,5.8,,1009.8,,3
2026-04-02 06:00:00,23.0,20.0,83,0.0,,50,3.0,,1010.0,,3
2026-04-02 07:00:00,22.0,19.9,88,0.0,,90,3.0,,1011.0,,3
2026-04-02 08:00:00,22.0,19.9,88,0.0,,290,3.0,,1011.0,,3
2026-04-02 09:00:00,22.0,21.0,94,2.8,,360,5.0,,1012.0,,9
2026-04-02 10:00:00,23.0,20.0,83,0.0,,360,4.0,,1012.0,,3
2026-04-02 11:00:00,24.0,20.9,83,0.0,,340,6.0,,1012.0,,3
2026-04-02 12:00:00,25.0,20.9,78,0.0,,320,5.0,,1012.0,,3
2026-04-02 13:00:00,26.0,21.0,74,0.0,,340,3.0,,1012.0,,3
2026-04-02 14:00:00,27.0,21.0,70,0.0,,180,3.0,,1011.0,,3
2026-04-02 15:00:00,27.0,22.0,74,0.0,,140,2.0,,1011.0,,3
2026-04-02 16:00:00,28.0,22.0,70,0.0,,90,3.0,,1010.0,,3
2026-04-02 17:00:00,28.0,22.0,70,0.6,,50,2.0,,1010.0,,8
2026-04-02 18:00:00,28.0,22.9,74,0.0,,50,2.0,,1010.0,,3
2026-04-02 19:00:00,27.0,22.0,74,0.0,,50,3.0,,1011.0,,3
2026-04-02 20:00:00,25.0,20.9,78,0.0,,340,3.0,,1011.0,,3
2026-04-02 21:00:00,25.0,20.9,78,0.0,,50,2.0,,1011.0,,3
2026-04-02 22:00:00,22.8,22.0,95,0.0,,143,6.5,,1012.2,,3
2026-04-02 23:00:00,22.7,21.9,95,0.0,,105,4.7,,1012.4,,3
2026-04-03 00:00:00,23.5,21.0,86,0.0,,201,12.2,,1012.7,,2
2026-04-03 01:00:00,22.8,21.3,91,0.0,,253,10.1,,1012.5,,3
2026-04-03 02:00:00,22.2,21.2,94,0.0,,279,2.2,,1012.4,,3
2026-04-03 03:00:00,21.9,21.4,97,0.0,,137,6.1,,1012.5,,2
2026-04-03 04:00:00,22.1,21.4,96,0.0,,101,6.1,,1011.9,,2
2026-04-03 05:00:00,21.5,20.8,96,0.0,,32,6.5,,1011.8,,1
2026-04-03 06:00:00,20.0,20.0,100,0.0,,360,2.0,,1011.0,,1
2026-04-03 07:00:00,19.0,19.0,100,0.0,,360,2.0,,1012.0,,5
2026-04-03 08:00:00,20.0,19.0,94,0.0,,0,0.0,,1013.0,,1
2026-04-03 09:00:00,23.0,19.0,78,0.0,,360,2.0,,1013.0,,1
2026-04-03 10:00:00,26.0,20.1,70,0.0,,360,4.0,,1014.0,,1
2026-04-03 11:00:00,28.0,19.0,58,0.0,,340,7.0,,1013.0,,1
2026-04-03 12:00:00,29.0,19.0,55,0.0,,360,5.0,,1013.0,,1
2026-04-03 13:00:00,30.0,19.1,52,0.0,,360,5.0,,1013.0,,1
2026-04-03 14:00:00,30.0,19.1,52,0.0,,270,5.0,,1012.0,,1
2026-04-03 15:00:00,32.0,18.9,46,0.0,,270,4.0,,1011.0,,2
2026-04-03 16:00:00,31.0,19.0,49,0.0,,270,4.0,,1011.0,,3
2026-04-03 17:00:00,31.0,20.9,55,0.3,,360,2.0,,1011.0,,17
2026-04-03 18:00:00,30.0,20.0,55,0.3,,0,0.0,,1011.0,,17
2026-04-03 19:00:00,28.0,20.0,62,0.0,,90,3.0,,1011.0,,2
2026-04-03 20:00:00,27.0,21.0,70,0.0,,50,3.0,,1011.0,,3
2026-04-03 21:00:00,27.0,21.0,70,0.0,,50,5.0,,1011.0,,3
2026-04-03 22:00:00,25.7,20.5,73,0.0,,179,14.4,,1012.5,,3
2026-04-03 23:00:00,24.2,21.7,86,1.0,,209,20.2,,1012.8,,9
2026-04-04 00:00:00,21.6,21.3,98,6.7,,202,19.1,,1014.0,,9
2026-04-04 01:00:00,21.5,21.2,98,2.9,,215,14.0,,1014.2,,9
2026-04-04 02:00:00,21.3,21.0,98,5.2,,182,14.0,,1014.5,,9
2026-04-04 03:00:00,21.3,21.0,98,1.8,,163,11.5,,1014.1,,9
2026-04-04 04:00:00,21.1,20.8,98,1.9,,190,13.3,,1014.3,,9
2026-04-04 05:00:00,21.1,20.8,98,0.9,,179,15.8,,1014.2,,8
2026-04-04 06:00:00,19.0,19.0,100,0.2,,140,7.0,,1015.0,,7
2026-04-04 07:00:00,19.0,18.0,94,0.3,,140,7.0,,1016.0,,8
2026-04-04 08:00:00,18.0,18.0,100,0.2,,140,6.0,,1017.0,,7
2026-04-04 09:00:00,18.0,17.0,94,0.0,,140,5.0,,1019.0,,7
2026-04-04 10:00:00,18.0,17.0,94,0.0,,140,6.0,,1019.0,,7
2026-04-04 11:00:00,18.0,17.0,94,0.0,,140,8.0,,1019.0,,3
2026-04-04 12:00:00,18.0,15.1,83,0.0,,140,9.0,,1020.0,,3
2026-04-04 13:00:00,18.0,15.1,83,0.0,,140,8.0,,1020.0,,3
2026-04-04 14:00:00,19.0,15.1,78,0.0,,140,9.0,,1019.0,,3
2026-04-04 15:00:00,19.0,14.0,73,0.0,,140,9.0,,1020.0,,3
2026-04-04 16:00:00,19.0,14.0,73,0.0,,140,8.0,,1021.0,,3
2026-04-04 17:00:00,19.0,13.0,68,0.0,,140,6.0,,1021.0,,3
2026-04-04 18:00:00,19.0,13.0,68,0.0,,140,8.0,,1020.0,,3
2026-04-04 19:00:00,18.0,11.1,64,0.0,,140,7.0,,1021.0,,3
2026-04-04 20:00:00,17.0,11.0,68,0.0,,140,6.0,,1021.0,,3
2026-04-04 21:00:00,16.0,11.0,72,0.0,,140,5.0,,1022.0,,3
2026-04-04 22:00:00,17.0,9.9,63,0.0,,132,18.4,,1022.9,,3
2026-04-04 23:00:00,17.2,9.6,61,0.0,,124,18.7,,1023.3,,3
2026-04-05 00:00:00,16.4,9.6,64,0.0,,121,16.9,,1023.6,,3
2026-04-05 01:00:00,16.3,9.5,64,0.0,,117,18.4,,1023.7,,3
2026-04-05 02:00:00,15.8,9.7,67,0.0,,109,16.6,,1023.9,,3
2026-04-05 03:00:00,15.8,9.7,67,0.0,,102,14.8,,1023.6,,3
2026-04-05 04:00:00,15.5,9.6,68,0.0,,96,17.6,,1023.1,,3
2026-04-05 05:00:00,15.3,9.6,69,0.0,,104,15.8,,1022.7,,3
2026-04-05 06:00:00,13.0,10.0,82,0.0,,50,3.0,,1024.0,,3
2026-04-05 07:00:00,13.0,10.0,82,0.0,,50,3.0,,1023.0,,3
2026-04-05 08:00:00,13.0,9.1,77,0.0,,50,8.0,,1023.0,,3
2026-04-05 09:00:00,14.0,9.0,72,0.0,,90,9.0,,1023.0,,3
2026-04-05 10:00:00,16.0,8.0,59,0.0,,50,7.0,,1024.0,,3
2026-04-05 11:00:00,18.0,8.0,52,0.0,,87,21.6,,1024.2,,3
2026-04-05 12:00:00,17.0,7.9,55,0.0,,90,6.0,,1024.0,,3
2026-04-05 13:00:00,17.0,7.9,55,0.0,,50,9.0,,1023.0,,3
2026-04-05 14:00:00,20.5,8.2,45,0.0,,98,22.3,,1021.1,,3
2026-04-05 15:00:00,18.0,9.1,56,0.0,,90,6.0,,1021.0,,3
2026-04-05 16:00:00,18.0,9.1,56,0.0,,50,7.0,,1021.0,,3
2026-04-05 17:00:00,18.0,9.1,56,0.0,,50,7.0,,1020.0,,3
2026-04-05 18:00:00,17.0,8.9,59,0.0,,50,8.0,,1020.0,,3
2026-04-05 19:00:00,17.0,9.9,63,0.0,,50,4.0,,1019.0,,3
2026-04-05 20:00:00,17.0,9.9,63,0.0,,50,4.0,,1019.0,,2
2026-04-05 21:00:00,17.0,8.9,59,0.0,,90,5.0,,1019.0,,3
2026-04-05 22:00:00,17.3,9.2,59,0.0,,103,19.1,,1019.1,,3
2026-04-05 23:00:00,17.5,9.4,59,0.0,,97,18.4,,1019.2,,3
2026-04-06 00:00:00,17.4,9.6,60,0.0,,96,17.3,,1019.1,,3
2026-04-06 01:00:00,17.0,10.1,64,0.1,,99,18.4,,1018.5,,7
2026-04-06 02:00:00,16.3,11.0,71,0.5,,90,17.6,,1018.1,,8
2026-04-06 03:00:00,14.6,13.0,90,1.6,,94,16.9,,1017.6,,9
2026-04-06 04:00:00,14.5,12.9,90,1.9,,96,16.2,,1017.3,,9
2026-04-06 05:00:00,14.4,13.1,92,1.6,,99,16.9,,1016.9,,9
2026-04-06 06:00:00,17.0,12.9,77,1.2,,50,10.0,,1016.0,,9
2026-04-06 07:00:00,16.0,12.9,82,2.4,,70,8.0,,1016.0,,9
2026-04-06 08:00:00,15.0,14.0,94,0.2,,70,4.0,,1017.0,,7
2026-04-06 09:00:00,15.0,15.0,100,0.0,,90,5.0,,1017.0,,3
2026-04-06 10:00:00,16.0,15.0,94,0.0,,110,5.0,,1017.0,,3
2026-04-06 11:00:00,16.0,15.0,94,0.0,,110,6.0,,1016.0,,3
2026-04-06 12:00:00,16.0,15.0,94,0.0,,110,6.0,,1015.0,,3
2026-04-06 13:00:00,17.0,15.0,88,0.0,,110,7.0,,1014.0,,3
2026-04-06 14:00:00,17.0,16.0,94,0.2,,70,5.0,,1013.0,,7
2026-04-06 15:00:00,18.0,16.0,88,0.9,,70,4.0,,1013.0,,8
2026-04-06 16:00:00,18.0,17.0,94,1.2,,70,5.0,,1013.0,,9
2026-04-06 17:00:00,18.0,17.0,94,1.4,,90,3.0,,1013.0,,8
2026-04-06 18:00:00,18.0,17.0,94,1.8,,180,2.0,,1013.0,,8
2026-04-06 19:00:00,18.0,17.0,94,3.8,,140,3.0,,1031.0,,8
2026-04-06 20:00:00,18.0,18.0,100,5.9,,180,4.0,,1022.0,,8
2026-04-06 21:00:00,18.0,18.0,100,4.2,,160,5.0,,1012.0,,8
2026-04-06 22:00:00,18.6,18.1,97,2.8,,132,16.6,,1011.9,,9
2026-04-06 23:00:00,18.6,18.1,97,1.4,,130,20.2,,1011.4,,9
2026-04-07 00:00:00,18.6,18.1,97,5.0,,130,16.9,,1010.9,,9
2026-04-07 01:00:00,18.6,18.1,97,0.8,,125,16.2,,1009.9,,8
2026-04-07 02:00:00,18.6,18.1,97,0.2,,131,14.8,,1009.5,,7
2026-04-07 03:00:00,18.5,18.2,98,0.3,,148,11.9,,1008.9,,8
2026-04-07 04:00:00,18.5,18.3,99,0.6,,168,11.2,,1008.5,,8
2026-04-07 05:00:00,18.5,18.3,99,0.8,,186,17.6,,1007.9,,8
2026-04-07 06:00:00,18.0,18.0,100,0.2,,180,7.0,,1010.0,,7
2026-04-07 07:00:00,18.0,18.0,100,0.2,,180,8.0,,1010.0,,7
2026-04-07 08:00:00,19.0,18.0,94,0.2,,160,7.0,,1010.0,,7
2026-04-07 09:00:00,19.0,18.0,94,0.2,,180,8.0,,1010.0,,7
2026-04-07 10:00:00,19.0,19.0,100,0.4,,160,4.0,,1010.0,,8
2026-04-07 11:00:00,20.0,19.0,94,1.7,,160,5.0,,1009.0,,9
2026-04-07 12:00:00,20.0,19.0,94,0.6,,160,9.0,,1009.0,,8
2026-04-07 13:00:00,19.0,19.0,100,0.6,,160,10.0,,1009.0,,8
2026-04-07 14:00:00,20.0,17.9,88,0.9,,180,12.0,,1009.0,,8
2026-04-07 15:00:00,19.0,18.0,94,0.7,,200,14.0,,1008.0,,8
2026-04-07 16:00:00,18.0,18.0,100,0.5,,200,15.0,,1008.0,,8
2026-04-07 17:00:00,18.0,17.0,94,0.3,,200,14.0,,1009.0,,7
2026-04-07 18:00:00,18.0,17.0,94,0.4,,200,12.0,,1008.0,,8
2026-04-07 19:00:00,18.0,17.0,94,0.3,,200,12.0,,1008.0,,8
2026-04-07 20:00:00,18.0,17.0,94,0.4,,200,11.0,,1009.0,,8
2026-04-07 21:00:00,18.0,17.0,94,0.5,,200,11.0,,1009.0,,8
2026-04-07 22:00:00,17.8,16.5,92,0.3,,221,23.8,,1010.2,,8
2026-04-07 23:00:00,17.5,16.0,91,0.2,,223,23.8,,1010.4,,7
2026-04-08 00:00:00,17.4,15.4,88,0.0,,228,22.3,,1010.3,,3
2026-04-08 01:00:00,17.5,14.8,84,0.0,,229,23.0,,1010.2,,3
2026-04-08 02:00:00,17.6,14.5,82,0.0,,229,23.4,,1010.3,,3
2026-04-08 03:00:00,18.0,14.3,79,0.0,,229,24.1,,1010.1,,3
2026-04-08 04:00:00,17.8,14.1,79,0.0,,230,22.3,,1010.1,,3
2026-04-08 05:00:00,17.9,14.2,79,0.0,,228,22.0,,1010.4,,3
2026-04-08 06:00:00,16.0,16.0,100,0.0,,200,8.0,,1012.0,,3
2026-04-08 07:00:00,17.0,16.0,94,0.1,,200,8.0,,1012.0,,7
2026-04-08 08:00:00,16.0,16.0,100,0.0,,200,8.0,,1013.0,,3
2026-04-08 09:00:00,17.0,16.0,94,0.2,,200,10.0,,1013.0,,7
2026-04-08 10:00:00,17.0,16.0,94,0.1,,180,12.0,,1014.0,,7
2026-04-08 11:00:00,18.0,16.0,88,0.3,,180,10.0,,1014.0,,8
2026-04-08 12:00:00,18.0,16.0,88,0.4,,180,12.0,,1015.0,,8
2026-04-08 13:00:00,18.0,15.1,83,0.2,,180,10.0,,1015.0,,7
2026-04-08 14:00:00,19.0,16.0,83,0.0,,180,10.0,,1014.0,,3
2026-04-08 15:00:00,19.0,16.0,83,0.0,,180,10.0,,1014.0,,3
2026-04-08 16:00:00,20.0,16.0,78,0.0,,180,6.0,,1014.0,,3
2026-04-08 17:00:00,20.0,16.0,78,0.0,,160,4.0,,1014.0,,3
2026-04-08 18:00:00,20.0,16.0,78,0.0,,180,3.0,,1014.0,,3
2026-04-08 19:00:00,18.0,16.0,88,0.0,,180,2.0,,1015.0,,2
2026-04-08 20:00:00,18.0,16.0,88,0.0,,200,2.0,,1015.0,,2
2026-04-08 21:00:00,17.0,16.0,94,0.0,,200,2.0,,1015.0,,2
2026-04-08 22:00:00,16.4,13.9,85,0.0,,196,11.9,,1016.4,,1
2026-04-08 23:00:00,16.4,14.0,86,0.0,,186,11.5,,1016.6,,3
2026-04-09 00:00:00,15.6,14.1,91,0.0,,182,10.1,,1016.8,,1
2026-04-09 01:00:00,15.3,14.2,93,0.0,,183,10.4,,1016.9,,1
2026-04-09 02:00:00,15.0,14.2,95,0.0,,184,10.4,,1017.2,,1
2026-04-09 03:00:00,14.7,13.9,95,0.0,,183,10.1,,1017.1,,1
2026-04-09 04:00:00,14.5,13.9,96,0.0,,190,8.6,,1017.1,,1
2026-04-09 05:00:00,14.2,13.7,97,0.0,,205,7.2,,1017.4,,2
2026-04-09 06:00:00,13.0,12.1,94,0.0,,200,4.0,,1018.0,,2
2026-04-09 07:00:00,13.0,12.1,94,0.0,,200,3.0,,1018.0,,3
2026-04-09 08:00:00,14.0,14.0,100,0.0,,180,5.0,,1019.0,,3
2026-04-09 09:00:00,16.0,15.0,94,0.0,,180,2.0,,1019.0,,3
2026-04-09 10:00:00,18.0,16.0,88,0.0,,180,4.0,,1020.0,,3
2026-04-09 11:00:00,19.0,16.0,83,0.1,,160,3.0,,1020.0,,17
2026-04-09 12:00:00,20.0,13.9,68,0.0,,180,5.0,,1020.0,,2
2026-04-09 13:00:00,21.0,13.9,64,0.0,,160,4.0,,1019.0,,3
2026-04-09 14:00:00,22.0,13.1,57,0.0,,160,6.0,,1019.0,,2
2026-04-09 15:00:00,23.0,14.0,57,0.0,,180,6.0,,1018.0,,2
2026-04-09 16:00:00,23.0,14.0,57,0.0,,180,8.0,,1018.0,,2
2026-04-09 17:00:00,22.0,13.1,57,0.0,,180,7.0,,1018.0,,2
2026-04-09 18:00:00,21.0,12.9,60,0.0,,180,7.0,,1018.0,,2
2026-04-09 19:00:00,19.0,14.0,73,0.0,,180,3.0,,1018.0,,1
2026-04-09 20:00:00,17.0,12.9,77,0.0,,140,2.0,,1018.0,,1
2026-04-09 21:00:00,15.0,13.0,88,0.0,,110,2.0,,1018.0,,1
2026-04-09 22:00:00,14.9,11.9,82,0.0,,166,9.4,,1019.1,,1
2026-04-09 23:00:00,14.5,12.4,87,0.0,,135,8.3,,1019.3,,1
2026-04-10 00:00:00,13.7,11.9,89,0.0,,117,6.8,,1019.4,,1
2026-04-10 01:00:00,13.0,11.1,88,0.0,,96,6.5,,1019.3,,1
2026-04-10 02:00:00,12.5,10.6,88,0.0,,66,6.5,,1019.5,,1
2026-04-10 03:00:00,11.8,10.0,89,0.0,,45,6.1,,1019.5,,1
2026-04-10 04:00:00,11.1,9.7,91,0.0,,36,5.8,,1019.4,,1
2026-04-10 05:00:00,10.7,9.6,93,0.0,,39,5.4,,1019.5,,1
2026-04-10 06:00:00,9.0,9.0,100,0.0,,0,0.0,,1019.0,,5
2026-04-10 07:00:00,9.0,9.0,100,0.0,,0,0.0,,1020.0,,5
2026-04-10 08:00:00,11.0,10.1,94,0.0,,20,3.0,,1020.0,,5
2026-04-10 09:00:00,14.0,13.0,94,0.0,,360,4.0,,1021.0,,1
2026-04-10 10:00:00,17.0,12.9,77,0.0,,360,6.0,,1021.0,,1
2026-04-10 11:00:00,19.0,12.0,64,0.0,,360,5.0,,1021.0,,1
2026-04-10 12:00:00,20.0,12.0,60,0.0,,50,3.0,,1020.0,,1
2026-04-10 13:00:00,21.0,12.9,60,0.0,,90,3.0,,1020.0,,1
2026-04-10 14:00:00,22.0,11.1,50,0.0,,270,3.0,,1019.0,,1
2026-04-10 15:00:00,22.0,11.1,50,0.0,,90,2.0,,1018.0,,1
2026-04-10 16:00:00,23.0,12.9,53,0.0,,360,3.0,,1017.0,,2
2026-04-10 17:00:00,23.0,12.0,50,0.0,,360,3.0,,1017.0,,1
2026-04-10 18:00:00,22.0,13.1,57,0.0,,50,4.0,,1017.0,,1
2026-04-10 19:00:00,19.0,14.0,73,0.0,,90,3.0,,1017.0,,1
2026-04-10 20:00:00,18.0,13.1,73,0.0,,90,3.0,,1018.0,,1
2026-04-10 21:00:00,18.0,13.1,73,0.0,,90,3.0,,1018.0,,1
2026-04-10 22:00:00,15.6,13.3,86,0.0,,89,8.6,,1018.2,,1
2026-04-10 23:00:00,15.0,12.7,86,0.0,,89,8.6,,1018.3,,1
2026-04-11 00:00:00,15.0,12.5,85,0.0,,76,9.0,,1018.3,,1
2026-04-11 01:00:00,14.6,12.3,86,0.0,,69,9.0,,1018.3,,1
2026-04-11 02:00:00,14.1,12.3,89,0.0,,55,9.0,,1018.4,,1
2026-04-11 03:00:00,13.6,12.2,91,0.0,,51,8.6,,1018.3,,1
2026-04-11 04:00:00,13.2,11.9,92,0.0,,54,9.7,,1018.1,,1
2026-04-11 05:00:00,13.1,11.8,92,0.0,,54,11.2,,1018.0,,1
2026-04-11 06:00:00,13.0,12.1,94,0.0,,50,5.0,,1017.0,,1
2026-04-11 07:00:00,14.0,12.0,88,0.0,,50,5.0,,1017.0,,1
2026-04-11 08:00:00,13.0,11.1,88,0.0,,50,3.0,,1018.0,,1
2026-04-11 09:00:00,15.0,13.0,88,0.0,,20,5.0,,1018.0,,1
2026-04-11 10:00:00,19.0,13.0,68,0.0,,20,7.0,,1018.0,,1
2026-04-11 11:00:00,22.0,13.1,57,0.0,,20,8.0,,1018.0,,2
2026-04-11 12:00:00,23.0,12.0,50,0.0,,20,9.0,,1017.0,,1
2026-04-11 13:00:00,23.0,11.1,47,0.0,,20,10.0,,1016.0,,3
2026-04-11 14:00:00,23.0,12.0,50,0.0,,20,11.0,,1015.0,,3
2026-04-11 15:00:00,24.0,12.0,47,0.0,,20,9.0,,1015.0,,2
2026-04-11 16:00:00,22.6,11.6,50,0.2,,41,11.9,,1015.3,,7
2026-04-11 17:00:00,22.0,13.1,57,0.3,,20,3.0,,1014.0,,17
2026-04-11 18:00:00,21.0,13.9,64,0.0,,50,4.0,,1014.0,,3
2026-04-11 19:00:00,20.0,13.9,68,0.7,,50,3.0,,1014.0,,8
2026-04-11 20:00:00,20.0,13.9,68,0.0,,50,5.0,,1014.0,,3
2026-04-11 21:00:00,20.0,13.9,68,0.0,,70,3.0,,1015.0,,3
2026-04-11 22:00:00,17.6,14.9,84,0.0,,98,9.4,,1015.7,,3
2026-04-11 23:00:00,17.8,14.7,82,0.0,,78,13.7,,1015.4,,3
2026-04-12 00:00:00,17.8,15.1,84,0.0,,59,11.5,,1015.2,,3
2026-04-12 01:00:00,17.6,15.0,85,0.0,,50,9.0,,1014.8,,3
2026-04-12 02:00:00,16.1,14.6,91,0.0,,60,6.1,,1014.5,,1
2026-04-12 03:00:00,15.6,14.3,92,0.0,,74,5.0,,1014.3,,2
2026-04-12 04:00:00,15.3,14.3,94,0.0,,111,3.2,,1014.1,,1
2026-04-12 05:00:00,14.9,14.4,97,0.0,,119,1.4,,1013.8,,1
2026-04-12 06:00:00,14.0,13.0,94,0.0,,200,2.0,,1014.0,,1
2026-04-12 07:00:00,13.0,13.0,100,0.0,,200,2.0,,1014.0,,1
2026-04-12 08:00:00,13.0,13.0,100,0.0,,200,4.0,,1015.0,,5
2026-04-12 09:00:00,16.0,15.0,94,0.0,,230,2.0,,1015.0,,5
2026-04-12 10:00:00,21.0,15.1,69,0.0,,230,5.0,,1016.0,,2
2026-04-12 11:00:00,23.0,15.1,61,0.0,,200,4.0,,1016.0,,1
2026-04-12 12:00:00,24.0,14.9,57,0.0,,200,6.0,,1016.0,,1
2026-04-12 13:00:00,25.0,15.0,54,0.0,,180,6.0,,1015.0,,1
2026-04-12 14:00:00,25.0,15.0,54,0.0,,180,5.0,,1015.0,,2
2026-04-12 15:00:00,25.0,13.8,50,0.0,,230,3.0,,1014.0,,2
2026-04-12 16:00:00,26.0,14.1,48,0.0,,180,4.0,,1014.0,,3
2026-04-12 17:00:00,26.0,13.1,45,0.0,,180,3.0,,1014.0,,2
2026-04-12 18:00:00,25.0,11.9,44,0.0,,180,3.0,,1014.0,,1
2026-04-12 19:00:00,22.0,15.1,65,0.0,,140,2.0,,1015.0,,1
2026-04-12 20:00:00,20.0,13.9,68,0.0,,140,2.0,,1015.0,,1
2026-04-12 21:00:00,18.0,13.1,73,0.0,,140,2.0,,1016.0,,1
2026-04-12 22:00:00,18.3,15.2,82,0.0,,143,7.6,,1016.6,,1
2026-04-12 23:00:00,18.3,15.7,85,0.0,,137,9.4,,1016.8,,1
2026-04-13 00:00:00,17.6,15.6,88,0.0,,125,9.0,,1016.9,,3
2026-04-13 01:00:00,17.0,15.2,89,0.0,,119,9.4,,1016.9,,3
2026-04-13 02:00:00,16.6,14.8,89,0.0,,107,9.4,,1016.8,,3
2026-04-13 03:00:00,16.5,14.9,90,0.0,,89,10.4,,1016.4,,3
2026-04-13 04:00:00,16.1,14.6,91,0.0,,88,9.0,,1016.1,,2
2026-04-13 05:00:00,15.7,14.4,92,0.0,,87,8.3,,1016.3,,1
2026-04-13 06:00:00,14.0,14.0,100,0.0,,50,2.0,,1016.0,,1
2026-04-13 07:00:00,14.0,14.0,100,0.0,,90,2.0,,1017.0,,5
2026-04-13 08:00:00,14.0,14.0,100,0.0,,50,2.0,,1017.0,,5
2026-04-13 09:00:00,18.0,16.0,88,0.0,,50,5.0,,1018.0,,3
2026-04-13 10:00:00,20.0,17.0,83,0.0,,360,5.0,,1018.0,,3
2026-04-13 11:00:00,23.0,17.9,73,0.0,,50,5.0,,1018.0,,3
2026-04-13 12:00:00,24.0,18.0,69,0.0,,50,6.0,,1017.0,,3
2026-04-13 13:00:00,25.0,16.9,61,0.0,,50,5.0,,1017.0,,3
2026-04-13 14:00:00,25.0,15.9,57,0.0,,50,4.0,,1016.0,,3
2026-04-13 15:00:00,26.0,17.1,58,0.0,,20,7.0,,1015.0,,3
2026-04-13 16:00:00,26.0,17.9,61,0.0,,20,5.0,,1015.0,,3
2026-04-13 17:00:00,26.0,17.9,61,0.0,,50,5.0,,1015.0,,3
2026-04-13 18:00:00,25.0,18.0,65,0.0,,70,3.0,,1014.0,,3
2026-04-13 19:00:00,23.0,17.9,73,0.0,,70,3.0,,1014.0,,3
2026-04-13 20:00:00,23.0,19.0,78,0.0,,70,8.0,,1014.0,,3
2026-04-13 21:00:00,22.0,19.9,88,0.0,,50,6.0,,1015.0,,3
2026-04-13 22:00:00,20.9,17.1,79,0.0,,75,15.8,,1014.6,,3
2026-04-13 23:00:00,20.5,17.1,81,0.0,,70,14.0,,1014.9,,3
2026-04-14 00:00:00,20.4,17.0,81,0.0,,68,15.1,,1014.8,,3
2026-04-14 01:00:00,19.9,17.9,88,0.0,,65,14.4,,1015.1,,3
2026-04-14 02:00:00,19.8,17.9,89,0.0,,67,15.1,,1015.0,,3
2026-04-14 03:00:00,19.6,17.9,90,0.0,,65,15.8,,1014.4,,3
2026-04-14 04:00:00,19.4,17.7,90,0.0,,63,15.1,,1013.6,,3
2026-04-14 05:00:00,19.2,17.7,91,0.0,,59,15.1,,1013.3,,3
2026-04-14 06:00:00,19.0,18.0,94,0.0,,50,5.0,,1013.0,,3
2026-04-14 07:00:00,18.0,17.0,94,0.0,,50,4.0,,1013.0,,3
2026-04-14 08:00:00,18.0,17.0,94,0.0,,50,6.0,,1013.0,,3
2026-04-14 09:00:00,20.0,17.9,88,0.1,,50,10.0,,1013.0,,17
2026-04-14 10:00:00,21.0,18.9,88,0.0,,20,10.0,,1013.0,,3
2026-04-14 11:00:00,22.0,19.0,83,0.0,,50,10.0,,1012.0,,3
2026-04-14 12:00:00,24.0,18.0,69,0.0,,50,10.0,,1012.0,,3
2026-04-14 13:00:00,24.0,19.9,78,0.0,,50,8.0,,1012.0,,3
2026-04-14 14:00:00,24.0,19.9,78,0.0,,50,10.0,,1012.0,,3
2026-04-14 15:00:00,25.0,20.0,74,0.0,,20,6.0,,1011.0,,3
2026-04-14 16:00:00,25.0,20.0,74,0.0,,50,5.0,,1011.0,,3
2026-04-14 17:00:00,25.0,20.0,74,1.1,,50,5.0,,1011.0,,9
2026-04-14 18:00:00,24.0,20.9,83,1.3,,50,3.0,,1010.0,,9
2026-04-14 19:00:00,23.0,21.1,89,1.3,,70,2.0,,1010.0,,9
2026-04-14 20:00:00,23.0,20.0,83,0.6,,110,3.0,,1010.0,,8
2026-04-14 21:00:00,23.0,21.1,89,1.8,,140,3.0,,1011.0,,9
2026-04-14 22:00:00,21.1,20.6,97,1.7,,100,13.7,,1011.6,,9
2026-04-14 23:00:00,21.0,20.3,96,1.6,,126,14.0,,1012.4,,9
2026-04-15 00:00:00,20.7,20.0,96,2.3,,118,15.1,,1012.2,,9
2026-04-15 01:00:00,20.6,19.9,96,2.2,,115,14.4,,1012.3,,9
2026-04-15 02:00:00,20.5,20.0,97,2.0,,112,14.8,,1012.0,,9
2026-04-15 03:00:00,20.3,19.8,97,2.2,,77,14.0,,1012.3,,9
2026-04-15 04:00:00,20.2,19.7,97,3.5,,104,14.4,,1011.7,,9
2026-04-15 05:00:00,20.1,19.4,96,5.5,,106,19.8,,1011.2,,9
2026-04-15 06:00:00,21.0,20.0,94,6.2,,50,3.0,,1011.0,,8
2026-04-15 07:00:00,20.0,20.0,100,6.3,,90,4.0,,1010.0,,8
2026-04-15 08:00:00,20.0,20.0,100,5.0,,140,4.0,,1010.0,,8
2026-04-15 09:00:00,20.0,20.0,100,3.7,,180,5.0,,1010.0,,8
2026-04-15 10:00:00,20.0,20.0,100,4.6,,0,0.0,,1012.0,,8
2026-04-15 11:00:00,21.0,20.0,94,5.9,,90,3.0,,1011.0,,8
2026-04-15 12:00:00,21.0,20.0,94,5.0,,90,4.0,,1011.0,,8
2026-04-15 13:00:00,20.2,19.9,98,6.6,,113,23.8,,1009.5,,9
2026-04-15 14:00:00,21.0,20.0,94,4.2,,90,4.0,,1010.0,,8
2026-04-15 15:00:00,21.0,20.0,94,8.1,,90,5.0,,1009.0,,9
2026-04-15 16:00:00,21.0,20.0,94,2.9,,90,7.0,,1008.0,,9
2026-04-15 17:00:00,21.0,20.0,94,0.9,,140,6.0,,1008.0,,8
2026-04-15 18:00:00,21.0,21.0,100,1.6,,90,5.0,,1008.0,,9
2026-04-15 19:00:00,21.0,20.0,94,1.1,,140,6.0,,1007.0,,8
2026-04-15 20:00:00,21.0,20.0,94,2.5,,140,8.0,,1007.0,,8
2026-04-15 21:00:00,21.0,20.0,94,2.4,,140,7.0,,1007.0,,9
2026-04-15 22:00:00,20.1,19.6,97,0.0,,91,17.3,,1008.1,,3
2026-04-15 23:00:00,19.9,19.6,98,0.0,,93,14.4,,1008.6,,3
2026-04-16 00:00:00,19.5,19.2,98,0.0,,118,9.0,,1008.6,,2
2026-04-16 01:00:00,19.2,19.0,99,0.0,,149,9.4,,1008.5,,3
2026-04-16 02:00:00,19.7,19.4,98,0.0,,156,7.2,,1007.8,,3
2026-04-16 03:00:00,19.7,19.5,99,0.0,,177,6.8,,1007.4,,3
2026-04-16 04:00:00,19.7,19.5,99,0.0,,199,6.1,,1006.7,,3
2026-04-16 05:00:00,19.7,19.5,99,0.0,,202,5.4,,1006.2,,3
2026-04-16 06:00:00,20.0,20.0,100,0.0,,180,2.0,,1006.0,,3
2026-04-16 07:00:00,20.0,20.0,100,0.0,,180,3.0,,1006.0,,5
2026-04-16 08:00:00,20.0,20.0,100,0.0,,180,6.0,,1006.0,,5
2026-04-16 09:00:00,20.0,20.0,100,0.2,,180,6.0,,1006.0,,7
2026-04-16 10:00:00,21.0,20.0,94,0.4,,180,10.0,,1006.0,,8
2026-04-16 11:00:00,21.0,20.0,94,0.3,,180,10.0,,1007.0,,8
2026-04-16 12:00:00,22.0,19.9,88,0.3,,180,10.0,,1006.0,,17
2026-04-16 13:00:00,22.0,19.9,88,0.2,,180,12.0,,1006.0,,17
2026-04-16 14:00:00,23.0,20.0,83,0.0,,200,12.0,,1005.0,,3
2026-04-16 15:00:00,24.0,19.9,78,0.0,,200,12.0,,1005.0,,2
2026-04-16 16:00:00,24.0,19.9,78,0.0,,200,12.0,,1005.0,,1
2026-04-16 17:00:00,24.0,19.1,74,0.0,,180,14.0,,1005.0,,2
2026-04-16 18:00:00,23.0,19.0,78,0.0,,180,10.0,,1005.0,,1
2026-04-16 19:00:00,21.0,18.9,88,0.0,,180,6.0,,1005.0,,1
2026-04-16 20:00:00,20.0,17.9,88,0.0,,230,2.0,,1005.0,,1
2026-04-16 21:00:00,19.0,18.0,94,0.0,,230,2.0,,1006.0,,1
2026-04-16 22:00:00,19.8,17.9,89,0.0,,220,11.9,,1007.4,,1
2026-04-16 23:00:00,19.3,17.6,90,0.0,,230,11.9,,1007.9,,1
2026-04-17 00:00:00,19.0,17.5,91,0.0,,229,11.9,,1007.8,,1
2026-04-17 01:00:00,18.5,17.2,92,0.0,,226,11.5,,1007.8,,1
2026-04-17 02:00:00,18.0,16.8,93,0.0,,225,10.8,,1008.0,,1
2026-04-17 03:00:00,17.7,16.6,93,0.0,,228,11.5,,1007.9,,1
2026-04-17 04:00:00,17.4,16.4,94,0.0,,221,11.9,,1007.7,,1
2026-04-17 05:00:00,17.1,16.1,94,0.0,,227,11.9,,1007.8,,1
2026-04-17 06:00:00,16.0,15.0,94,0.0,,200,7.0,,1007.0,,1
2026-04-17 07:00:00,16.0,16.0,100,0.0,,200,7.0,,1008.0,,1
2026-04-17 08:00:00,16.0,15.0,94,0.0,,200,7.0,,1009.0,,1
2026-04-17 09:00:00,17.0,16.0,94,0.0,,180,7.0,,1010.0,,1
2026-04-17 10:00:00,17.0,16.0,94,0.0,,180,8.0,,1011.0,,1
2026-04-17 11:00:00,19.0,17.0,88,0.0,,180,7.0,,1011.0,,1
2026-04-17 12:00:00,20.0,17.0,83,0.0,,180,5.0,,1010.0,,3
2026-04-17 13:00:00,22.0,16.9,73,0.0,,180,6.0,,1010.0,,3
2026-04-17 14:00:00,23.0,17.9,73,0.0,,180,4.0,,1009.0,,1
2026-04-17 15:00:00,25.0,18.0,65,0.0,,200,5.0,,1009.0,,3
2026-04-17 16:00:00,24.0,18.0,69,0.0,,200,3.0,,1009.0,,3
2026-04-17 17:00:00,24.0,19.1,74,0.0,,200,5.0,,1009.0,,3
2026-04-17 18:00:00,23.0,19.0,78,0.0,,200,5.0,,1009.0,,2
2026-04-17 19:00:00,21.0,18.0,83,0.0,,200,3.0,,1010.0,,1
2026-04-17 20:00:00,20.0,17.9,88,0.0,,200,2.0,,1010.0,,3
2026-04-17 21:00:00,19.0,18.0,94,0.0,,200,2.0,,1010.0,,3
2026-04-17 22:00:00,19.1,17.8,92,0.0,,224,7.6,,1010.5,,2
2026-04-17 23:00:00,18.2,17.0,93,0.0,,230,6.1,,1011.0,,1
2026-04-18 00:00:00,17.6,16.6,94,0.0,,229,5.8,,1010.8,,1
2026-04-18 01:00:00,17.1,16.3,95,0.0,,244,4.3,,1010.6,,1
2026-04-18 02:00:00,16.5,15.9,96,0.0,,275,2.9,,1010.3,,1
2026-04-18 03:00:00,15.9,15.6,98,0.0,,265,2.5,,1010.0,,1
2026-04-18 04:00:00,15.4,15.1,98,0.0,,270,3.2,,1009.8,,1
2026-04-18 05:00:00,15.0,14.8,99,0.0,,283,4.7,,1009.7,,5
2026-04-18 06:00:00,14.0,14.0,100,0.0,,230,3.0,,1009.0,,2
2026-04-18 07:00:00,13.0,13.0,100,0.0,,0,0.0,,1010.0,,5
2026-04-18 08:00:00,13.0,13.0,100,0.0,,0,0.0,,1010.0,,5
2026-04-18 09:00:00,17.0,16.0,94,0.0,,320,7.0,,1011.0,,5
2026-04-18 10:00:00,20.0,17.9,88,0.0,,320,4.0,,1011.0,,3
2026-04-18 11:00:00,24.0,18.0,69,0.0,,320,6.0,,1011.0,,2
2026-04-18 12:00:00,25.0,16.9,61,0.0,,320,6.0,,1011.0,,1
2026-04-18 13:00:00,26.0,17.1,58,0.0,,320,5.0,,1010.0,,1
2026-04-18 14:00:00,27.0,15.0,48,0.0,,290,6.0,,1009.0,,1
2026-04-18 15:00:00,28.0,13.9,42,0.0,,270,5.0,,1009.0,,1
2026-04-18 16:00:00,28.0,13.1,40,0.0,,320,5.0,,1008.0,,1
2026-04-18 17:00:00,27.0,13.0,42,0.0,,340,4.0,,1008.0,,1
2026-04-18 18:00:00,26.0,15.1,51,0.0,,360,2.0,,1008.0,,1
2026-04-18 19:00:00,24.0,14.9,57,0.0,,50,4.0,,1008.0,,1
2026-04-18 20:00:00,22.0,15.1,65,0.0,,50,5.0,,1008.0,,1
2026-04-18 21:00:00,20.0,16.0,78,0.0,,50,5.0,,1008.0,,1
2026-04-18 22:00:00,18.0,14.1,78,0.0,,35,8.3,,1009.4,,1
2026-04-18 23:00:00,17.7,14.2,80,0.0,,26,8.6,,1009.9,,1
2026-04-19 00:00:00,17.5,14.4,82,0.0,,12,10.4,,1010.0,,1
2026-04-19 01:00:00,16.9,14.4,85,0.0,,7,10.4,,1010.0,,1
2026-04-19 02:00:00,16.4,14.4,88,0.0,,12,9.4,,1009.9,,1
2026-04-19 03:00:00,16.1,14.5,90,0.0,,16,10.4,,1009.4,,1
2026-04-19 04:00:00,16.0,14.5,91,0.0,,19,10.4,,1009.2,,1
2026-04-19 05:00:00,15.6,14.3,92,0.0,,23,7.6,,1009.8,,1
2026-04-19 06:00:00,15.0,14.0,94,0.0,,50,3.0,,1011.0,,1
2026-04-19 07:00:00,16.0,14.0,88,0.0,,70,4.0,,1011.0,,1
2026-04-19 08:00:00,15.0,14.0,94,0.0,,90,3.0,,1012.0,,1
2026-04-19 09:00:00,18.0,16.0,88,0.0,,70,3.0,,1012.0,,1
2026-04-19 10:00:00,21.0,16.0,73,0.0,,50,5.0,,1013.0,,3
2026-04-19 11:00:00,24.0,17.0,65,0.0,,360,7.0,,1013.0,,3
2026-04-19 12:00:00,26.0,17.1,58,0.0,,340,5.0,,1013.0,,3
2026-04-19 13:00:00,27.0,16.9,54,0.0,,320,8.0,,1012.0,,1
2026-04-19 14:00:00,27.0,16.9,54,0.0,,270,5.0,,1011.0,,1
2026-04-19 15:00:00,28.0,16.9,51,0.0,,270,3.0,,1011.0,,1
2026-04-19 16:00:00,28.0,16.9,51,0.0,,320,3.0,,1011.0,,2
2026-04-19 17:00:00,28.0,16.0,48,0.0,,20,2.0,,1011.0,,3
2026-04-19 18:00:00,26.0,17.1,58,0.0,,50,4.0,,1011.0,,3
2026-04-19 19:00:00,24.0,18.0,69,0.0,,50,2.0,,1012.0,,3
2026-04-19 20:00:00,23.0,17.9,73,0.0,,70,2.0,,1012.0,,3
2026-04-19 21:00:00,22.0,18.0,78,0.0,,90,3.0,,1013.0,,3
2026-04-19 22:00:00,20.8,17.0,79,0.0,,112,10.4,,1012.6,,3
2026-04-19 23:00:00,20.4,17.0,81,0.0,,110,12.6,,1012.4,,3
2026-04-20 00:00:00,20.0,16.6,81,0.0,,103,12.6,,1012.2,,3
2026-04-20 01:00:00,19.6,16.6,83,0.0,,96,12.2,,1012.3,,3
2026-04-20 02:00:00,19.2,16.8,86,0.0,,92,11.5,,1012.2,,3
2026-04-20 03:00:00,18.8,16.8,88,0.0,,102,11.2,,1012.0,,3
2026-04-20 04:00:00,18.3,16.6,90,0.0,,92,10.8,,1012.1,,2
2026-04-20 05:00:00,18.0,16.3,90,0.0,,94,11.2,,1012.0,,2
2026-04-20 06:00:00,19.0,17.0,88,0.0,,90,3.0,,1012.0,,1
2026-04-20 07:00:00,18.0,17.0,94,0.0,,90,2.0,,1013.0,,3
2026-04-20 08:00:00,19.0,17.0,88,0.0,,50,5.0,,1013.0,,2
2026-04-20 09:00:00,20.0,17.0,83,0.0,,50,5.0,,1013.0,,1
2026-04-20 10:00:00,21.0,17.0,78,0.0,,50,8.0,,1014.0,,1
2026-04-20 11:00:00,23.0,17.9,73,0.0,,20,8.0,,1013.0,,1
2026-04-20 12:00:00,25.0,18.0,65,0.0,,20,8.0,,1013.0,,3
2026-04-20 13:00:00,24.0,17.0,65,0.0,,20,5.0,,1013.0,,3
2026-04-20 14:00:00,25.0,18.0,65,0.0,,90,3.0,,1013.0,,3
2026-04-20 15:00:00,24.0,18.0,69,0.0,,70,4.0,,1012.0,,3
2026-04-20 16:00:00,24.0,18.0,69,0.8,,50,8.0,,1012.0,,8
2026-04-20 17:00:00,25.0,18.9,69,0.8,,90,5.0,,1012.0,,8
2026-04-20 18:00:00,24.0,19.1,74,0.0,,90,4.0,,1012.0,,3
2026-04-20 19:00:00,22.0,19.0,83,0.4,,110,3.0,,1012.0,,17
2026-04-20 20:00:00,21.0,18.9,88,0.0,,110,3.0,,1013.0,,3
2026-04-20 21:00:00,21.0,18.9,88,0.0,,90,4.0,,1013.0,,3
2026-04-20 22:00:00,18.9,17.7,93,0.0,,72,8.6,,1013.6,,2
2026-04-20 23:00:00,18.9,17.9,94,0.0,,80,10.1,,1013.5,,2
2026-04-21 00:00:00,18.8,18.0,95,0.0,,102,11.5,,1013.7,,3
2026-04-21 01:00:00,19.1,18.1,94,0.0,,100,11.2,,1013.7,,3
2026-04-21 02:00:00,19.1,17.8,92,0.0,,87,13.0,,1013.5,,3
2026-04-21 03:00:00,19.1,17.4,90,0.0,,78,13.0,,1013.1,,3
2026-04-21 04:00:00,18.9,17.0,89,0.0,,78,10.8,,1012.6,,3
2026-04-21 05:00:00,18.1,16.8,92,0.0,,104,7.9,,1012.8,,3
2026-04-21 06:00:00,19.0,17.0,88,0.0,,50,7.0,,1013.0,,3
2026-04-21 07:00:00,18.0,17.0,94,0.0,,50,3.0,,1014.0,,3
2026-04-21 08:00:00,18.0,17.0,94,0.0,,50,4.0,,1014.0,,3
2026-04-21 09:00:00,19.0,18.0,94,0.0,,20,5.0,,1014.0,,3
2026-04-21 10:00:00,21.0,18.0,83,0.0,,340,8.0,,1015.0,,3
2026-04-21 11:00:00,22.0,19.0,83,0.0,,320,7.0,,1015.0,,3
2026-04-21 12:00:00,23.0,20.0,83,0.0,,320,7.0,,1014.0,,3
2026-04-21 13:00:00,21.0,20.0,94,0.3,,250,6.0,,1014.0,,8
2026-04-21 14:00:00,21.0,21.0,100,0.2,,270,4.0,,1013.0,,17
2026-04-21 15:00:00,22.0,19.9,88,0.3,,230,4.0,,1013.0,,8
2026-04-21 16:00:00,22.0,19.9,88,0.1,,200,6.0,,1013.0,,17
2026-04-21 17:00:00,22.0,19.0,83,0.0,,200,7.0,,1013.0,,3
2026-04-21 18:00:00,22.0,19.0,83,0.0,,200,6.0,,1013.0,,3
2026-04-21 19:00:00,20.0,19.0,94,0.2,,200,7.0,,1014.0,,17
2026-04-21 20:00:00,20.0,19.0,94,0.1,,200,8.0,,1014.0,,17
2026-04-21 21:00:00,19.0,18.0,94,0.0,,230,8.0,,1015.0,,3
2026-04-21 22:00:00,19.2,17.3,89,0.0,,233,15.8,,1015.0,,3
2026-04-21 23:00:00,19.0,16.4,85,0.0,,234,14.0,,1015.3,,3
2026-04-22 00:00:00,18.6,15.8,84,0.0,,231,14.8,,1015.5,,3
2026-04-22 01:00:00,18.1,14.8,81,0.0,,223,16.2,,1015.6,,3
2026-04-22 02:00:00,17.5,13.4,77,0.0,,223,15.1,,1015.5,,3
2026-04-22 03:00:00,16.6,12.7,78,0.0,,223,14.4,,1015.3,,3
2026-04-22 04:00:00,15.0,12.5,85,0.0,,226,13.3,,1015.4,,2
2026-04-22 05:00:00,13.9,12.1,89,0.0,,228,11.5,,1015.4,,1
2026-04-22 06:00:00,14.0,11.0,82,0.0,,180,9.0,,1017.0,,1
2026-04-22 07:00:00,12.0,11.1,94,0.0,,180,4.0,,1017.0,,1
2026-04-22 08:00:00,11.0,10.1,94,0.0,,0,0.0,,1018.0,,1
2026-04-22 09:00:00,13.0,11.1,88,0.0,,230,5.0,,1018.0,,1
2026-04-22 10:00:00,15.0,11.0,77,0.0,,180,6.0,,1019.0,,1
2026-04-22 11:00:00,16.0,12.0,77,0.0,,180,4.0,,1019.0,,1
2026-04-22 12:00:00,17.0,11.9,72,0.0,,180,5.0,,1018.0,,1
2026-04-22 13:00:00,19.0,12.0,64,0.0,,200,6.0,,1018.0,,1
2026-04-22 14:00:00,20.0,13.0,64,0.0,,180,6.0,,1018.0,,1
2026-04-22 15:00:00,21.0,13.9,64,0.0,,180,7.0,,1017.0,,1
2026-04-22 16:00:00,21.0,12.9,60,0.0,,200,6.0,,1017.0,,3
2026-04-22 17:00:00,20.0,13.0,64,0.0,,200,5.0,,1018.0,,2
2026-04-22 18:00:00,20.0,13.0,64,0.0,,180,5.0,,1018.0,,2
2026-04-22 19:00:00,18.0,13.1,73,0.0,,180,4.0,,1018.0,,2
2026-04-22 20:00:00,17.0,12.9,77,0.0,,110,4.0,,1020.0,,2
2026-04-22 21:00:00,16.0,14.0,88,0.0,,230,3.0,,1020.0,,1
2026-04-22 22:00:00,13.6,11.5,87,0.0,,209,7.6,,1020.5,,1
2026-04-22 23:00:00,12.9,11.0,88,0.0,,213,6.8,,1020.8,,1
2026-04-23 00:00:00,12.3,10.7,90,0.0,,220,6.5,,1021.0,,1
2026-04-23 01:00:00,12.2,10.4,89,0.0,,215,7.2,,1020.9,,1
2026-04-23 02:00:00,13.7,10.9,83,0.0,,209,6.5,,1020.8,,3
2026-04-23 03:00:00,14.1,11.3,83,0.0,,201,4.3,,1020.7,,3
2026-04-23 04:00:00,13.9,11.2,84,0.0,,202,4.3,,1020.6,,3
2026-04-23 05:00:00,12.7,11.8,94,0.0,,200,6.8,,1020.1,,3
2026-04-23 06:00:00,13.0,12.1,94,0.0,,200,4.0,,1020.0,,1
2026-04-23 07:00:00,13.0,11.1,88,0.0,,360,2.0,,1021.0,,5
2026-04-23 08:00:00,12.0,11.1,94,0.0,,360,2.0,,1021.0,,5
2026-04-23 09:00:00,15.0,14.0,94,0.0,,140,2.0,,1021.0,,1
2026-04-23 10:00:00,18.0,13.1,73,0.0,,50,3.0,,1021.0,,1
2026-04-23 11:00:00,20.0,12.0,60,0.0,,50,4.0,,1021.0,,1
2026-04-23 12:00:00,20.0,13.0,64,0.0,,90,6.0,,1021.0,,1
2026-04-23 13:00:00,21.0,11.0,53,0.0,,50,7.0,,1020.0,,1
2026-04-23 14:00:00,21.0,11.0,53,0.0,,50,6.0,,1020.0,,1
2026-04-23 15:00:00,21.0,11.9,56,0.0,,50,4.0,,1019.0,,1
2026-04-23 16:00:00,22.0,11.1,50,0.0,,90,5.0,,1019.0,,1
2026-04-23 17:00:00,21.0,11.0,53,0.0,,90,3.0,,1019.0,,1
2026-04-23 18:00:00,20.0,12.0,60,0.0,,90,2.0,,1019.0,,1
2026-04-23 19:00:00,18.0,13.1,73,0.0,,90,2.0,,1019.0,,1
2026-04-23 20:00:00,17.0,11.9,72,0.0,,50,3.0,,1020.0,,1
2026-04-23 21:00:00,17.0,11.0,68,0.0,,50,3.0,,1019.0,,1
2026-04-23 22:00:00,15.3,12.6,84,0.0,,88,9.0,,1019.5,,1
2026-04-23 23:00:00,15.1,12.6,85,0.0,,84,8.6,,1019.6,,1
2026-04-24 00:00:00,14.8,12.7,87,0.0,,78,9.0,,1019.5,,1
2026-04-24 01:00:00,14.4,12.4,88,0.0,,68,9.4,,1019.0,,1
2026-04-24 02:00:00,14.1,12.3,89,0.0,,78,9.4,,1018.6,,1
2026-04-24 03:00:00,12.9,11.5,91,0.0,,48,7.2,,1019.0,,1
2026-04-24 04:00:00,12.4,11.1,92,0.0,,69,6.1,,1018.4,,1
2026-04-24 05:00:00,12.2,11.1,93,0.0,,86,5.4,,1017.8,,1
2026-04-24 06:00:00,11.8,10.9,94,0.0,,96,5.0,,1018.1,,1
2026-04-24 07:00:00,12.0,11.1,94,0.0,,110,2.0,,1018.0,,5
2026-04-24 08:00:00,13.0,13.0,100,0.0,,110,3.0,,1018.0,,5
2026-04-24 09:00:00,16.0,14.0,88,0.0,,90,4.0,,1018.0,,1
2026-04-24 10:00:00,18.0,15.1,83,0.0,,90,4.0,,1019.0,,1
2026-04-24 11:00:00,19.0,15.1,78,0.0,,90,3.0,,1018.0,,1
2026-04-24 12:00:00,20.0,16.0,78,0.0,,90,5.0,,1017.0,,1
2026-04-24 13:00:00,21.0,15.1,69,0.0,,90,4.0,,1016.0,,1
2026-04-24 14:00:00,21.0,12.9,60,0.0,,0,0.0,,1016.0,,1
2026-04-24 15:00:00,22.0,13.9,60,0.0,,270,2.0,,1015.0,,1
2026-04-24 16:00:00,22.0,13.9,60,0.0,,0,0.0,,1014.0,,1
2026-04-24 17:00:00,22.0,13.9,60,0.0,,360,2.0,,1014.0,,1
2026-04-24 18:00:00,21.0,15.1,69,0.0,,0,0.0,,1014.0,,1
2026-04-24 19:00:00,20.0,16.0,78,0.0,,230,2.0,,1014.0,,1
2026-04-24 20:00:00,18.0,15.1,83,0.0,,180,2.0,,1014.0,,1
2026-04-24 21:00:00,18.0,15.1,83,0.0,,180,3.0,,1015.0,,1
2026-04-24 22:00:00,16.2,13.9,86,0.0,,94,7.2,,1015.7,,1
2026-04-24 23:00:00,15.5,13.5,88,0.0,,93,6.5,,1015.6,,1
2026-04-25 00:00:00,15.0,13.2,89,0.0,,82,6.1,,1015.5,,1
2026-04-25 01:00:00,14.5,12.9,90,0.0,,77,5.4,,1015.4,,2
2026-04-25 02:00:00,15.6,14.3,92,0.0,,301,3.2,,1014.8,,2
2026-04-25 03:00:00,15.1,14.5,96,0.0,,281,4.0,,1014.6,,2
2026-04-25 04:00:00,14.7,14.2,97,0.0,,279,5.4,,1014.1,,3
2026-04-25 05:00:00,14.2,13.9,98,0.0,,258,4.7,,1013.8,,3
2026-04-25 06:00:00,13.0,12.1,94,0.0,,180,4.0,,1014.0,,2
2026-04-25 07:00:00,14.0,12.0,88,0.0,,180,2.0,,1014.0,,3
2026-04-25 08:00:00,13.0,12.1,94,0.0,,180,2.0,,1014.0,,2
2026-04-25 09:00:00,16.0,14.0,88,0.0,,230,3.0,,1015.0,,1
2026-04-25 10:00:00,20.0,15.0,73,0.0,,180,5.0,,1015.0,,1
2026-04-25 11:00:00,22.0,16.0,69,0.0,,180,6.0,,1015.0,,1
2026-04-25 12:00:00,23.0,16.1,65,0.0,,180,6.0,,1014.0,,1
2026-04-25 13:00:00,24.0,14.9,57,0.0,,180,6.0,,1014.0,,1
2026-04-25 14:00:00,24.0,14.1,54,0.0,,180,5.0,,1013.0,,2
2026-04-25 15:00:00,23.0,14.0,57,0.0,,180,6.0,,1012.0,,2
2026-04-25 16:00:00,24.0,12.9,50,0.0,,140,4.0,,1012.0,,2
2026-04-25 17:00:00,24.0,12.9,50,0.0,,140,4.0,,1011.0,,2
2026-04-25 18:00:00,22.0,13.9,60,0.0,,140,2.0,,1011.0,,3
2026-04-25 19:00:00,19.0,15.1,78,0.0,,270,4.0,,1012.0,,3
2026-04-25 20:00:00,19.0,14.0,73,0.0,,270,8.0,,1012.0,,3
2026-04-25 21:00:00,17.0,11.9,72,0.0,,270,12.0,,1012.0,,3
2026-04-25 22:00:00,17.5,14.0,80,0.0,,222,6.1,,1012.4,,3
2026-04-25 23:00:00,15.8,13.8,88,0.0,,229,5.4,,1012.4,,2
2026-04-26 00:00:00,16.4,14.2,87,0.0,,240,11.2,,1012.7,,1
2026-04-26 01:00:00,15.6,14.5,93,0.0,,241,9.0,,1012.2,,1
2026-04-26 02:00:00,15.0,14.4,96,0.0,,244,7.6,,1012.0,,1
2026-04-26 03:00:00,14.2,13.7,97,0.0,,259,7.9,,1011.4,,1
2026-04-26 04:00:00,13.9,13.6,98,0.0,,280,7.2,,1010.8,,1
2026-04-26 05:00:00,13.4,13.2,99,0.0,,274,7.2,,1010.2,,1
2026-04-26 06:00:00,13.2,13.0,99,0.0,,280,7.9,,1010.3,,1
2026-04-26 07:00:00,13.2,13.0,99,0.0,,259,10.4,,1010.6,,1
2026-04-26 08:00:00,13.3,12.7,96,0.0,,263,10.8,,1010.9,,1
2026-04-26 09:00:00,14.0,14.0,100,0.0,,250,5.0,,1011.0,,5
2026-04-26 10:00:00,15.0,14.0,94,0.0,,250,6.0,,1011.0,,1
2026-04-26 11:00:00,18.0,12.0,68,0.0,,230,12.0,,1011.0,,1
2026-04-26 12:00:00,16.0,5.9,51,0.0,,270,12.0,,1009.0,,2
2026-04-26 13:00:00,19.0,8.9,52,0.0,,230,22.0,,1011.0,,2
2026-04-26 14:00:00,20.0,6.0,40,0.0,,230,23.0,,1011.0,,2
2026-04-26 15:00:00,19.0,6.1,43,0.0,,230,24.0,,1010.0,,3
2026-04-26 16:00:00,19.0,5.1,40,0.0,,230,25.0,34.0,1011.0,,1
2026-04-26 17:00:00,18.0,3.1,37,0.0,,230,22.0,,1011.0,,1
2026-04-26 18:00:00,16.0,4.1,45,0.0,,230,17.0,,1012.0,,1
2026-04-26 19:00:00,14.0,4.0,51,0.0,,200,15.0,,1013.0,,1
2026-04-26 20:00:00,13.0,1.9,47,0.0,,200,15.0,,1015.0,,1
2026-04-26 21:00:00,11.0,2.0,54,0.0,,200,17.0,,1016.0,,1
2026-04-26 22:00:00,10.3,-5.3,33,0.0,,238,22.7,,1016.9,,1
2026-04-26 23:00:00,9.6,-4.4,37,0.0,,247,21.6,,1017.1,,1
2026-04-27 00:00:00,9.4,-3.9,39,0.0,,247,22.3,,1017.3,,1
2026-04-27 01:00:00,9.1,-2.5,44,0.0,,252,22.3,,1017.6,,1
2026-04-27 02:00:00,8.8,-1.0,50,0.0,,252,22.3,,1017.8,,1
2026-04-27 03:00:00,8.6,-0.2,54,0.0,,251,23.0,,1017.7,,1
2026-04-27 04:00:00,8.5,0.7,58,0.0,,250,23.4,,1017.7,,1
2026-04-27 05:00:00,8.3,1.0,60,0.0,,248,22.7,,1018.0,,1
2026-04-27 06:00:00,8.0,1.2,62,0.0,,247,21.6,,1018.5,,1
2026-04-27 07:00:00,7.7,1.1,63,0.0,,247,21.2,,1019.0,,1
2026-04-27 08:00:00,7.6,1.4,65,0.0,,248,20.2,,1019.4,,1
2026-04-27 09:00:00,8.9,2.5,64,0.0,,252,19.8,,1019.8,,1
2026-04-27 10:00:00,10.2,2.5,59,0.0,,241,22.0,,1020.2,,1
2026-04-27 11:00:00,11.6,3.1,56,0.0,,244,21.2,,1020.2,,1
2026-04-27 12:00:00,12.0,4.9,62,0.0,,230,12.0,,1020.0,,1
2026-04-27 13:00:00,14.0,6.1,59,0.0,,230,12.0,,1019.0,,1
2026-04-27 14:00:00,14.0,6.1,59,0.0,,230,10.0,,1018.0,,1
2026-04-27 15:00:00,15.0,4.9,51,0.0,,180,10.0,,1017.0,,1
2026-04-27 16:00:00,15.0,4.1,48,0.0,,230,10.0,,1017.0,,1
2026-04-27 17:00:00,15.0,1.9,41,0.0,,230,9.0,,1017.0,,1
2026-04-27 18:00:00,13.0,3.9,54,0.0,,230,5.0,,1017.0,,1
2026-04-27 19:00:00,10.0,3.1,62,0.0,,230,3.0,,1017.0,,1
2026-04-27 20:00:00,8.0,3.1,71,0.0,,0,0.0,,1017.0,,1
2026-04-27 21:00:00,8.0,3.1,71,0.0,,320,2.0,,1018.0,,1
2026-04-27 22:00:00,8.4,4.8,78,0.0,,267,6.8,,1018.3,,1
2026-04-27 23:00:00,7.8,4.6,80,0.0,,284,6.5,,1018.5,,1
2026-04-28 00:00:00,7.4,4.4,81,0.0,,292,7.2,,1018.4,,3
2026-04-28 01:00:00,7.1,4.2,82,0.0,,295,7.2,,1018.5,,3
2026-04-28 02:00:00,6.6,4.1,84,0.0,,291,6.5,,1018.4,,1
2026-04-28 03:00:00,6.1,3.9,86,0.0,,296,6.5,,1018.4,,1
2026-04-28 04:00:00,6.1,3.9,86,0.0,,289,7.6,,1018.5,,1
2026-04-28 05:00:00,6.0,3.7,85,0.0,,292,6.5,,1018.5,,2
2026-04-28 06:00:00,5.0,3.0,87,0.0,,0,0.0,,1018.0,,2
2026-04-28 07:00:00,6.0,4.0,87,0.0,,360,3.0,,1018.0,,3
2026-04-28 08:00:00,6.0,3.0,81,0.0,,360,3.0,,1018.0,,3
2026-04-28 09:00:00,8.0,4.0,76,0.0,,340,4.0,,1019.0,,3
2026-04-28 10:00:00,12.0,6.1,67,0.0,,320,5.0,,1019.0,,3
2026-04-28 11:00:00,15.0,7.1,59,0.0,,320,6.0,,1018.0,,2
2026-04-28 12:00:00,14.6,5.7,55,0.0,,328,13.0,,1018.6,,3
2026-04-28 13:00:00,16.6,5.5,48,0.0,,317,12.6,,1017.7,,3
2026-04-28 14:00:00,17.5,6.1,47,0.0,,312,13.7,,1016.5,,2
2026-04-28 15:00:00,17.9,7.3,50,0.0,,308,14.8,,1015.6,,2
2026-04-28 16:00:00,18.0,8.0,52,0.0,,317,15.5,,1014.9,,1
2026-04-28 17:00:00,17.6,8.7,56,0.0,,317,15.5,,1014.9,,1
2026-04-28 18:00:00,15.9,8.6,62,0.0,,332,12.2,,1014.4,,1
2026-04-28 19:00:00,14.1,8.1,67,0.0,,336,10.8,,1014.5,,1
2026-04-28 20:00:00,13.3,7.9,70,0.0,,344,12.2,,1014.3,,1
2026-04-28 21:00:00,12.8,7.5,70,0.0,,345,14.0,,1014.1,,1
2026-04-28 22:00:00,12.4,7.5,72,0.0,,343,14.4,,1014.1,,1
2026-04-28 23:00:00,12.1,7.8,75,0.0,,343,14.4,,1013.9,,1
2026-04-29 00:00:00,11.9,8.2,78,0.0,,343,14.4,,1013.7,,1
2026-04-29 01:00:00,11.6,8.3,80,0.0,,342,14.0,,1013.4,,1
2026-04-29 02:00:00,11.4,8.3,81,0.0,,343,14.0,,1013.0,,1
2026-04-29 03:00:00,11.2,8.2,82,0.0,,350,14.8,,1012.4,,1
2026-04-29 04:00:00,11.0,8.2,83,0.0,,351,13.7,,1011.9,,1
2026-04-29 05:00:00,10.6,8.0,84,0.0,,350,13.3,,1011.8,,1
2026-04-29 06:00:00,10.5,8.1,85,0.0,,347,12.6,,1012.6,,3
2026-04-29 07:00:00,8.0,6.0,87,0.0,,360,5.0,,1012.0,,3
2026-04-29 08:00:00,8.0,6.0,87,0.0,,360,3.0,,1013.0,,3
2026-04-29 09:00:00,10.0,7.9,87,0.0,,340,5.0,,1013.0,,3
2026-04-29 10:00:00,16.0,9.0,63,0.0,,320,10.0,,1013.0,,3
2026-04-29 11:00:00,18.0,9.1,56,0.0,,270,13.0,,1013.0,,3
2026-04-29 12:00:00,18.6,10.4,59,0.0,,329,19.1,,1013.8,,3
2026-04-29 13:00:00,21.0,11.0,53,0.0,,270,7.0,,1013.0,,3
2026-04-29 14:00:00,22.0,13.1,57,0.0,,290,14.0,,1012.0,,3
2026-04-29 15:00:00,23.0,12.9,53,0.0,,270,13.0,,1011.0,,3
2026-04-29 16:00:00,24.0,12.9,50,0.0,,270,11.0,,1011.0,,3
2026-04-29 17:00:00,23.0,12.9,53,0.0,,250,11.0,,1011.0,,3
2026-04-29 18:00:00,21.0,12.9,60,0.0,,250,7.0,,1012.0,,3
2026-04-29 19:00:00,18.0,13.1,73,0.0,,230,3.0,,1012.0,,1
2026-04-29 20:00:00,16.0,12.9,82,0.0,,0,0.0,,1013.0,,1
2026-04-29 21:00:00,14.0,11.0,82,0.0,,0,0.0,,1013.0,,1
2026-04-29 22:00:00,12.7,11.3,91,0.0,,283,7.2,,1015.4,,1
2026-04-29 23:00:00,12.0,10.9,93,0.0,,300,6.8,,1015.6,,1
2026-04-30 00:00:00,11.7,10.6,93,0.0,,297,7.2,,1015.8,,1
2026-04-30 01:00:00,11.1,10.2,94,0.0,,301,6.5,,1015.7,,1
2026-04-30 02:00:00,10.4,9.8,96,0.0,,294,6.1,,1015.6,,1
2026-04-30 03:00:00,10.0,9.7,98,0.0,,298,6.5,,1015.7,,1
2026-04-30 04:00:00,9.6,9.5,99,0.0,,278,5.4,,1015.5,,1
2026-04-30 05:00:00,9.4,9.3,99,0.0,,273,4.3,,1015.4,,1
2026-04-30 06:00:00,8.7,8.6,99,0.0,,18,7.6,,1014.6,,1
2026-04-30 07:00:00,6.0,5.0,93,0.0,,0,0.0,,1014.0,,5
2026-04-30 08:00:00,6.0,6.0,100,0.0,,0,0.0,,1015.0,,5
2026-04-30 09:00:00,10.0,9.1,94,0.0,,2,2.0,,1015.0,,5
2026-04-30 10:00:00,15.0,12.0,82,0.0,,50,4.0,,1015.0,,5
2026-04-30 11:00:00,18.0,13.9,77,0.0,,360,6.0,,1015.0,,5
2026-04-30 12:00:00,22.0,13.9,60,0.0,,360,5.0,,1015.0,,2
2026-04-30 13:00:00,24.0,14.1,54,0.0,,320,8.0,,1015.0,,1
2026-04-30 14:00:00,25.0,13.8,50,0.0,,320,10.0,,1014.0,,1
2026-04-30 15:00:00,26.0,14.1,48,0.0,,320,8.0,,1013.0,,1
2026-04-30 16:00:00,25.0,13.8,50,0.0,,360,7.0,,1012.0,,1
2026-04-30 17:00:00,25.0,13.8,50,0.0,,50,8.0,,1012.0,,1
2026-04-30 18:00:00,23.0,14.0,57,0.0,,50,6.0,,1012.0,,1
2026-04-30 19:00:00,20.0,15.0,73,0.0,,5,5.0,,1011.0,,1
2026-04-30 20:00:00,19.0,14.0,73,0.0,,5,5.0,,1012.0,,1
2026-04-30 21:00:00,18.0,13.9,77,0.0,,50,5.0,,1012.0,,1
2026-04-30 22:00:00,16.3,13.6,84,0.0,,45,12.2,,1012.5,,1
2026-04-30 23:00:00,15.7,13.2,85,0.0,,33,12.6,,1013.0,,1
