Fecha,Salida,Puesta
01/01/2026,05:49,20:06
02/01/2026,05:49,20:06
03/01/2026,05:50,20:06
04/01/2026,05:51,20:06
05/01/2026,05:52,20:06
06/01/2026,05:53,20:06
07/01/2026,05:53,20:06
08/01/2026,05:54,20:06
09/01/2026,05:55,20:06
10/01/2026,05:56,20:06
11/01/2026,05:57,20:06
12/01/2026,05:58,20:06
13/01/2026,05:59,20:06
14/01/2026,06:00,20:06
15/01/2026,06:01,20:05
16/01/2026,06:02,20:05
17/01/2026,06:03,20:05
18/01/2026,06:03,20:05
19/01/2026,06:04,20:04
20/01/2026,06:05,20:04
21/01/2026,06:06,20:03
22/01/2026,06:07,20:03
23/01/2026,06:08,20:03
24/01/2026,06:09,20:02
25/01/2026,06:10,20:02
26/01/2026,06:11,20:01
27/01/2026,06:12,20:00
28/01/2026,06:13,20:00
29/01/2026,06:14,19:59
30/01/2026,06:15,19:59
31/01/2026,06:16,19:58
01/02/2026,06:17,19:57
02/02/2026,06:18,19:56
03/02/2026,06:19,19:56
04/02/2026,06:20,19:55
05/02/2026,06:21,19:54
06/02/2026,06:22,19:53
07/02/2026,06:23,19:53
08/02/2026,06:24,19:52
09/02/2026,06:25,19:51
10/02/2026,06:26,19:50
11/02/2026,06:27,19:49
12/02/2026,06:28,19:48
13/02/2026,06:28,19:47
14/02/2026,06:29,19:46
15/02/2026,06:30,19:45
16/02/2026,06:31,19:44
17/02/2026,06:32,19:43
18/02/2026,06:33,19:42
19/02/2026,06:34,19:41
20/02/2026,06:35,19:40
21/02/2026,06:36,19:39
22/02/2026,06:36,19:38
23/02/2026,06:37,19:36
24/02/2026,06:38,19:35
25/02/2026,06:39,19:34
26/02/2026,06:40,19:33
27/02/2026,06:41,19:32
28/02/2026,06:42,19:31
01/03/2026,06:42,19:29
02/03/2026,06:43,19:28
03/03/2026,06:44,19:27
04/03/2026,06:45,19:26
05/03/2026,06:46,19:24
06/03/2026,06:46,19:23
07/03/2026,06:47,19:22
08/03/2026,06:48,19:21
09/03/2026,06:49,19:19
10/03/2026,06:49,19:18
11/03/2026,06:50,19:17
12/03/2026,06:51,19:15
13/03/2026,06:52,19:14
14/03/2026,06:53,19:13
15/03/2026,06:53,19:12
16/03/2026,06:54,19:10
17/03/2026,06:55,19:09
18/03/2026,06:56,19:08
19/03/2026,06:56,19:06
20/03/2026,06:57,19:05
21/03/2026,06:58,19:04
22/03/2026,06:58,19:02
23/03/2026,06:59,19:01
24/03/2026,07:00,19:00
25/03/2026,07:01,18:58
26/03/2026,07:01,18:57
27/03/2026,07:02,18:56
28/03/2026,07:03,18:54
29/03/2026,07:03,18:53
30/03/2026,07:04,18:52
31/03/2026,07:05,18:50
01/04/2026,07:06,18:49
02/04/2026,07:06,18:48
03/04/2026,07:07,18:47
04/04/2026,07:08,18:45
05/04/2026,07:08,18:44
06/04/2026,07:09,18:43
07/04/2026,07:10,18:41
08/04/2026,07:11,18:40
09/04/2026,07:11,18:39
10/04/2026,07:12,18:38
11/04/2026,07:13,18:36
12/04/2026,07:13,18:35
13/04/2026,07:14,18:34
14/04/2026,07:15,18:33
15/04/2026,07:16,18:32
16/04/2026,07:16,18:30
17/04/2026,07:17,18:29
18/04/2026,07:18,18:28
19/04/2026,07:18,18:27
20/04/2026,07:19,18:26
21/04/2026,07:20,18:25
22/04/2026,07:21,18:24
23/04/2026,07:21,18:22
24/04/2026,07:22,18:21
25/04/2026,07:23,18:20
26/04/2026,07:23,18:19
27/04/2026,07:24,18:18
28/04/2026,07:25,18:17
29/04/2026,07:26,18:16
30/04/2026,07:26,18:15
01/05/2026,07:27,18:14
02/05/2026,07:28,18:13
03/05/2026,07:29,18:12
04/05/2026,07:29,18:11
05/05/2026,07:30,18:10
06/05/2026,07:31,18:10
07/05/2026,07:31,18:09
08/05/2026,07:32,18:08
09/05/2026,07:33,18:07
10/05/2026,07:34,18:06
11/05/2026,07:34,18:06
12/05/2026,07:35,18:05
13/05/2026,07:36,18:04
14/05/2026,07:36,18:03
15/05/2026,07:37,18:03
16/05/2026,07:38,18:02
17/05/2026,07:39,18:01
18/05/2026,07:39,18:01
19/05/2026,07:40,18:00
20/05/2026,07:41,18:00
21/05/2026,07:41,17:59
22/05/2026,07:42,17:59
23/05/2026,07:43,17:58
24/05/2026,07:43,17:58
25/05/2026,07:44,17:57
26/05/2026,07:45,17:57
27/05/2026,07:45,17:56
28/05/2026,07:46,17:56
29/05/2026,07:46,17:56
30/05/2026,07:47,17:55
31/05/2026,07:48,17:55
01/06/2026,07:48,17:55
02/06/2026,07:49,17:54
03/06/2026,07:49,17:54
04/06/2026,07:50,17:54
05/06/2026,07:50,17:54
06/06/2026,07:51,17:54
07/06/2026,07:51,17:54
08/06/2026,07:52,17:54
09/06/2026,07:52,17:54
10/06/2026,07:53,17:53
11/06/2026,07:53,17:53
12/06/2026,07:54,17:53
13/06/2026,07:54,17:53
14/06/2026,07:54,17:54
15/06/2026,07:55,17:54
16/06/2026,07:55,17:54
17/06/2026,07:55,17:54
18/06/2026,07:56,17:54
19/06/2026,07:56,17:54
20/06/2026,07:56,17:54
21/06/2026,07:56,17:55
22/06/2026,07:56,17:55
23/06/2026,07:57,17:55
24/06/2026,07:57,17:55
25/06/2026,07:57,17:56
26/06/2026,07:57,17:56
27/06/2026,07:57,17:56
28/06/2026,07:57,17:57
29/06/2026,07:57,17:57
30/06/2026,07:57,17:57
01/07/2026,07:57,17:58
02/07/2026,07:57,17:58
03/07/2026,07:57,17:59
04/07/2026,07:57,17:59
05/07/2026,07:57,18:00
06/07/2026,07:57,18:00
07/07/2026,07:57,18:01
08/07/2026,07:56,18:01
09/07/2026,07:56,18:02
10/07/2026,07:56,18:02
11/07/2026,07:56,18:03
12/07/2026,07:55,18:03
13/07/2026,07:55,18:04
14/07/2026,07:55,18:04
15/07/2026,07:54,18:05
16/07/2026,07:54,18:06
17/07/2026,07:53,18:06
18/07/2026,07:53,18:07
19/07/2026,07:52,18:07
20/07/2026,07:52,18:08
21/07/2026,07:51,18:09
22/07/2026,07:51,18:09
23/07/2026,07:50,18:10
24/07/2026,07:50,18:11
25/07/2026,07:49,18:11
26/07/2026,07:48,18:12
27/07/2026,07:48,18:12
28/07/2026,07:47,18:13
29/07/2026,07:46,18:14
30/07/2026,07:46,18:14
31/07/2026,07:45,18:15
01/08/2026,07:44,18:16
02/08/2026,07:43,18:16
03/08/2026,07:42,18:17
04/08/2026,07:42,18:18
05/08/2026,07:41,18:19
06/08/2026,07:40,18:19
07/08/2026,07:39,18:20
08/08/2026,07:38,18:21
09/08/2026,07:37,18:21
10/08/2026,07:36,18:22
11/08/2026,07:35,18:23
12/08/2026,07:34,18:23
13/08/2026,07:33,18:24
14/08/2026,07:32,18:25
15/08/2026,07:31,18:25
16/08/2026,07:30,18:26
17/08/2026,07:29,18:27
18/08/2026,07:28,18:27
19/08/2026,07:26,18:28
20/08/2026,07:25,18:29
21/08/2026,07:24,18:29
22/08/2026,07:23,18:30
23/08/2026,07:22,18:31
24/08/2026,07:21,18:31
25/08/2026,07:19,18:32
26/08/2026,07:18,18:33
27/08/2026,07:17,18:33
28/08/2026,07:16,18:34
29/08/2026,07:14,18:34
30/08/2026,07:13,18:35
31/08/2026,07:12,18:36
01/09/2026,07:11,18:36
02/09/2026,07:09,18:37
03/09/2026,07:08,18:38
04/09/2026,07:07,18:38
05/09/2026,07:05,18:39
06/09/2026,07:04,18:40
07/09/2026,07:03,18:40
08/09/2026,07:01,18:41
09/09/2026,07:00,18:42
10/09/2026,06:59,18:42
11/09/2026,06:57,18:43
12/09/2026,06:56,18:43
13/09/2026,06:55,18:44
14/09/2026,06:53,18:45
15/09/2026,06:52,18:45
16/09/2026,06:51,18:46
17/09/2026,06:49,18:47
18/09/2026,06:48,18:47
19/09/2026,06:47,18:48
20/09/2026,06:45,18:49
21/09/2026,06:44,18:49
22/09/2026,06:43,18:50
23/09/2026,06:41,18:51
24/09/2026,06:40,18:51
25/09/2026,06:38,18:52
26/09/2026,06:37,18:53
27/09/2026,06:36,18:53
28/09/2026,06:34,18:54
29/09/2026,06:33,18:55
30/09/2026,06:32,18:55
01/10/2026,06:30,18:56
02/10/2026,06:29,18:57
03/10/2026,06:28,18:57
04/10/2026,06:26,18:58
05/10/2026,06:25,18:59
06/10/2026,06:24,19:00
07/10/2026,06:22,19:00
08/10/2026,06:21,19:01
09/10/2026,06:20,19:02
10/10/2026,06:19,19:02
11/10/2026,06:17,19:03
12/10/2026,06:16,19:04
13/10/2026,06:15,19:05
14/10/2026,06:14,19:05
15/10/2026,06:12,19:06
16/10/2026,06:11,19:07
17/10/2026,06:10,19:08
18/10/2026,06:09,19:09
19/10/2026,06:08,19:09
20/10/2026,06:06,19:10
21/10/2026,06:05,19:11
22/10/2026,06:04,19:12
23/10/2026,06:03,19:13
24/10/2026,06:02,19:13
25/10/2026,06:01,19:14
26/10/2026,06:00,19:15
27/10/2026,05:59,19:16
28/10/2026,05:58,19:17
29/10/2026,05:57,19:18
30/10/2026,05:56,19:19
31/10/2026,05:55,19:19
01/11/2026,05:54,19:20
02/11/2026,05:53,19:21
03/11/2026,05:52,19:22
04/11/2026,05:51,19:23
05/11/2026,05:50,19:24
06/11/2026,05:50,19:25
07/11/2026,05:49,19:26
08/11/2026,05:48,19:27
09/11/2026,05:47,19:28
10/11/2026,05:47,19:28
11/11/2026,05:46,19:29
12/11/2026,05:45,19:30
13/11/2026,05:45,19:31
14/11/2026,05:44,19:32
15/11/2026,05:43,19:33
16/11/2026,05:43,19:34
17/11/2026,05:42,19:35
18/11/2026,05:42,19:36
19/11/2026,05:41,19:37
20/11/2026,05:41,19:38
21/11/2026,05:40,19:39
22/11/2026,05:40,19:40
23/11/2026,05:39,19:41
24/11/2026,05:39,19:41
25/11/2026,05:39,19:42
26/11/2026,05:39,19:43
27/11/2026,05:38,19:44
28/11/2026,05:38,19:45
29/11/2026,05:38,19:46
30/11/2026,05:38,19:47
01/12/2026,05:38,19:48
02/12/2026,05:38,19:49
03/12/2026,05:37,19:49
04/12/2026,05:37,19:50
05/12/2026,05:37,19:51
06/12/2026,05:37,19:52
07/12/2026,05:38,19:53
08/12/2026,05:38,19:53
09/12/2026,05:38,19:54
10/12/2026,05:38,19:55
11/12/2026,05:38,19:56
12/12/2026,05:38,19:56
13/12/2026,05:39,19:57
14/12/2026,05:39,19:58
15/12/2026,05:39,19:58
16/12/2026,05:40,19:59
17/12/2026,05:40,20:00
18/12/2026,05:40,20:00
19/12/2026,05:41,20:01
20/12/2026,05:41,20:01
21/12/2026,05:42,20:02
22/12/2026,05:42,20:02
23/12/2026,05:43,20:03
24/12/2026,05:43,20:03
25/12/2026,05:44,20:04
26/12/2026,05:44,20:04
27/12/2026,05:45,20:04
28/12/2026,05:46,20:05
29/12/2026,05:46,20:05
30/12/2026,05:47,20:05
31/12/2026,05:48,20:05
