periodo,0a1_bienes_y_servicios,0a1_cuidado,0a1_total,1a3_bienes_y_servicios,1a3_cuidado,1a3_total,4a5_bienes_y_servicios,4a5_cuidado,4a5_total,6a12_bienes_y_servicios,6a12_cuidado,6a12_total,var_im_0a1_bienes_y_servicios,var_im_0a1_cuidado,var_im_0a1_total,var_im_1a3_bienes_y_servicios,var_im_1a3_cuidado,var_im_1a3_total,var_im_4a5_bienes_y_servicios,var_im_4a5_cuidado,var_im_4a5_total,var_im_6a12_bienes_y_servicios,var_im_6a12_cuidado,var_im_6a12_total,var_ia_0a1_bienes_y_servicios,var_ia_0a1_cuidado,var_ia_0a1_total,var_ia_1a3_bienes_y_servicios,var_ia_1a3_cuidado,var_ia_1a3_total,var_ia_4a5_bienes_y_servicios,var_ia_4a5_cuidado,var_ia_4a5_total,var_ia_6a12_bienes_y_servicios,var_ia_6a12_cuidado,var_ia_6a12_total
2020-01-01,4572.99,13390.41,17963.41,5904.8,15303.33,21208.14,7520.48,9564.58,17085.06,9329.18,12096.0,21425.18,0.0,0.0,0.0,0.0,0.0,0.0,0.0,0.0,0.0,0.0,0.0,0.0,0.0,0.0,0.0,0.0,0.0,0.0,0.0,0.0,0.0,0.0,0.0,0.0
2020-02-01,4620.18,13390.41,18010.6,5965.74,15303.33,21269.07,7598.09,9564.58,17162.67,9425.46,12096.0,21521.46,0.010319287818254752,0.0,0.00262700678768657,0.010320417287630335,0.0,0.0028729534980436178,0.010319820011488678,0.0,0.004542565258769837,0.010320306822250158,0.0,0.004493777881912742,0.0,0.0,0.0,0.0,0.0,0.0,0.0,0.0,0.0,0.0,0.0,0.0
2020-03-01,4756.7,13905.57,18662.27,6142.01,15892.08,22034.09,7822.59,9932.55,17755.14,9703.95,12600.0,22303.95,0.029548632304368994,0.038472309660421145,0.03618258136874952,0.02954704697154087,0.038472018835116195,0.035968662475604374,0.029546899286531314,0.03847215455357156,0.03452085252469472,0.0295465685494396,0.04166666666666674,0.03635859277205178,0.0,0.0,0.0,0.0,0.0,0.0,0.0,0.0,0.0,0.0,0.0,0.0
2020-04-01,4824.56,13905.57,18730.13,6229.63,15892.08,22121.72,7934.19,9932.55,17866.74,9842.39,12600.0,22442.39,0.014266192948893197,0.0,0.0036362136010250623,0.014265688268172871,0.0,0.0039770192460863996,0.014266374691757955,0.0,0.006285503803405756,0.01426635545319166,0.0,0.006206972307595704,0.0,0.0,0.0,0.0,0.0,0.0,0.0,0.0,0.0,0.0,0.0,0.0
2020-05-01,4879.65,14420.72,19300.38,6300.77,16480.83,22781.61,8024.79,10300.52,18325.31,9954.79,13062.0,23016.79,0.011418657867245718,0.037046305904756105,0.0304455975479081,0.011419618821663535,0.03704675536493651,0.029829958972448667,0.011418935014160247,0.037046881213787186,0.025666125997243938,0.011419990469794472,0.036666666666666625,0.02559442198446793,0.0,0.0,0.0,0.0,0.0,0.0,0.0,0.0,0.0,0.0,0.0,0.0
2020-06-01,4962.37,14420.72,19383.1,6407.59,16480.83,22888.42,8160.83,10300.52,18461.35,10123.54,13062.0,23185.54,0.016952035494349094,0.0,0.004285925976586835,0.01695348346313219,0.0,0.004688430712315617,0.016952468538117493,0.0,0.007423612479133812,0.016951638357012078,0.0,0.007331604450490303,0.0,0.0,0.0,0.0,0.0,0.0,0.0,0.0,0.0,0.0,0.0,0.0
2020-07-01,5042.86,14420.72,19463.59,6511.51,16480.83,22992.34,8293.19,10300.52,18593.71,10287.73,13062.0,23349.73,0.016220072263857688,0.0,0.004152586531566138,0.01621826614998767,0.0,0.004540287184523928,0.01621893851483258,0.0,0.0071695731893930414,0.016218634983414804,0.0,0.007081568943401839,0.0,0.0,0.0,0.0,0.0,0.0,0.0,0.0,0.0,0.0,0.0,0.0
2020-08-01,5151.19,14420.72,19571.92,6651.39,16480.83,23132.22,8471.34,10300.52,18771.86,10508.73,13062.0,23570.73,0.021481857517361203,0.0,0.005565776919879584,0.021481960405497436,0.0,0.006083765288787513,0.021481480588289914,0.0,0.009581197082239257,0.021481901255184566,0.0,0.009464777537042224,0.0,0.0,0.0,0.0,0.0,0.0,0.0,0.0,0.0,0.0,0.0,0.0
2020-09-01,5348.08,14420.72,19768.81,6905.63,16480.83,23386.46,8795.15,10300.52,19095.67,10910.42,13062.0,23972.42,0.038222236027015244,0.0,0.010059820395750707,0.038223589355006915,0.0,0.010990730677816307,0.03822417704873127,0.0,0.01724975575142773,0.03822440960991491,0.0,0.017041898999309746,0.0,0.0,0.0,0.0,0.0,0.0,0.0,0.0,0.0,0.0,0.0,0.0
2020-10-01,5653.41,14420.72,20074.14,7299.88,16480.83,23780.71,9297.27,10300.52,19597.79,11533.3,13062.0,24595.3,0.05709151695561765,0.0,0.015445036904092824,0.05709109813297264,0.0,0.01685804521077583,0.057090555590296965,0.0,0.026294966345773885,0.057090377822301974,0.0,0.02598319235187785,0.0,0.0,0.0,0.0,0.0,0.0,0.0,0.0,0.0,0.0,0.0,0.0
2020-11-01,5864.55,14420.72,20285.28,7572.51,16480.83,24053.34,9644.49,10300.52,19945.02,11964.03,13062.0,25026.03,0.03734737087881479,0.0,0.010518009737901624,0.0373471892688646,0.0,0.01146433390760837,0.03734644686020738,0.0,0.017717814100467466,0.037346639730172715,0.0,0.01751269551499668,0.0,0.0,0.0,0.0,0.0,0.0,0.0,0.0,0.0,0.0,0.0,0.0
2020-12-01,6140.01,15863.02,22003.03,7928.19,18129.16,26057.35,10097.5,11330.72,21428.23,12525.98,14406.0,26931.98,0.046970355781773554,0.10001581058366016,0.0846796297610879,0.04696989505461202,0.10001498710926571,0.08331524852681582,0.04697086108233828,0.10001436820665344,0.07436492919034432,0.04696995911912616,0.10289389067524124,0.0761587035578557,0.0,0.0,0.0,0.0,0.0,0.0,0.0,0.0,0.0,0.0,0.0,0.0
2021-01-01,6395.01,15863.02,22258.03,8257.46,18129.16,26386.62,10516.86,11330.72,21847.59,13046.21,14406.0,27452.21,0.041530876985542475,0.0,0.011589312926447048,0.04153154755372901,0.0,0.012636357879830529,0.04153107204753659,0.0,0.019570445155759453,0.04153207972549855,0.0,0.01931644090037188,0.3984307859846623,0.18465528688068544,0.23907598835633093,0.39843178431106874,0.18465458171522142,0.24417417086081095,0.3984293555730487,0.18465421377624525,0.27875406934479585,0.3984305158652741,0.19097222222222232,0.2813059213504856
2021-02-01,6569.29,17016.56,23585.85,8482.49,19447.5,27929.99,10803.47,12154.68,22958.16,13401.75,15414.0,28815.75,0.02725249843237143,0.0727188139458943,0.059655773669098355,0.027251721473673607,0.07271930966465079,0.05849062896270918,0.027252430858640153,0.07271912111498668,0.05083260899714803,0.027252359114256164,0.06997084548104948,0.049669589442890016,0.42186884493677734,0.27080201427738215,0.309553818306997,0.42186719501687975,0.27080184508861804,0.31317401278006063,0.4218665480403627,0.2708012270272193,0.3376799763673135,0.4218669433640376,0.2743055555555556,0.3389310018929943
2021-03-01,6895.07,17016.56,23911.64,8903.16,19447.5,28350.66,11339.24,12154.68,23493.92,14066.37,15414.0,29480.37,0.04959135614351018,0.0,0.013812942929765093,0.049592749298849714,0.0,0.015061587920367936,0.04959239947905636,0.0,0.023336364935168996,0.049592030891488115,0.0,0.023064469951328714,0.4495490571194316,0.223722580232238,0.28128250207504224,0.4495515311762761,0.22372276001631008,0.2866726059483282,0.44955059641371964,0.22372200492320715,0.32321795266046904,0.4495509560539781,0.22333333333333338,0.3217555634764244
2021-04-01,7131.11,18458.85,25589.96,9207.93,21095.83,30303.77,11727.41,13184.89,24912.3,14547.9,16758.0,31305.9,0.034233154993350334,0.08475802394843601,0.07018841033070089,0.0342316660601405,0.08475793803830833,0.06889116514395077,0.03423245296862931,0.08475829886101471,0.06037221544978455,0.03423271249085569,0.08719346049046317,0.06192357829972961,0.4780850481701957,0.32744288799380383,0.3662457228006424,0.47808617847287893,0.3274429778858401,0.3698650014555829,0.4780853496072064,0.3274426003392885,0.3943394262187727,0.47808611526265476,0.33000000000000007,0.39494501254099945
2021-05-01,7299.59,18458.85,25758.45,9425.48,21095.83,30521.32,12004.49,13184.89,25189.38,14891.61,16758.0,31649.61,0.023626055410728597,0.0,0.006584222874908896,0.023626374223087998,0.0,0.007178974761226087,0.023626700183587035,0.0,0.011122216736310975,0.023626090363557672,0.0,0.010979080620585835,0.49592491264742367,0.2800227727880438,0.334608437761329,0.49592510121778743,0.28002230470188705,0.339734988001287,0.4959257500819336,0.2800217853079261,0.3745677426466456,0.4959240727328251,0.28295819935691324,0.3750662016727788
2021-06-01,7531.04,20858.54,28389.58,9724.33,23838.33,33562.67,12385.1,14898.95,27284.06,15363.77,18942.0,34305.77,0.03170726027078241,0.13000213989495557,0.10214628597605846,0.0317066080454258,0.13000199565506554,0.09964673873869145,0.03170563680756122,0.13000184301878903,0.08315726707048765,0.0317064440983883,0.13032581453634084,0.08392394092691813,0.5176296809790484,0.44642847236476424,0.4646563243237667,0.5176267520237718,0.4464277587961285,0.4663602817494612,0.5176274962228107,0.4464269765021571,0.4779016702462173,0.5176282209582812,0.45016077170418,0.4796191936870997
2021-07-01,7654.31,20858.54,28512.85,9883.51,23838.33,33721.84,12587.83,14898.95,27486.79,15615.26,18942.0,34557.26,0.016368257239371964,0.0,0.004342086075243001,0.01636925114635157,0.0,0.004742471323050168,0.01636886258488013,0.0,0.00743034577698487,0.016369029216136477,0.0,0.007330836765943705,0.517850981387546,0.44642847236476424,0.46493272823769916,0.5178522339672365,0.4464277587961285,0.4666554165430745,0.5178513937338949,0.4464269765021571,0.478284323031821,0.517852820787482,0.45016077170418,0.4799854216729702
2021-08-01,7742.93,20858.54,28601.47,9997.93,23838.33,33836.27,12733.57,14898.95,27632.53,15796.04,18942.0,34738.04,0.011577790813280364,0.0,0.003108072325284983,0.01157685882849302,0.0,0.0033933498290721342,0.011577849398982876,0.0,0.005302183339706001,0.011577136723948334,0.0,0.005231317529225343,0.5031342272368133,0.44642847236476424,0.4613522842930078,0.5031339314038119,0.4464277587961285,0.4627333649775074,0.5031352772996951,0.4464269765021571,0.47201875573331553,0.5031350125086478,0.45016077170418,0.47377870774473263
2021-09-01,7989.11,23073.75,31062.86,10315.81,26370.0,36685.81,13138.43,16481.25,29619.68,16298.27,20958.0,37256.27,0.03179416577445471,0.10620158457878648,0.08605816414331158,0.031794581478366,0.10620165087067757,0.08421554739928494,0.03179469700955817,0.10620211491413811,0.07191342957014801,0.031794677653386616,0.10643015521064303,0.07249200012435919,0.49382769143318717,0.6000414681097754,0.571306517691252,0.4938260520763491,0.6000407746454515,0.5686773457804217,0.4938267113124848,0.6000405804755486,0.5511202277793867,0.49382608552191387,0.6045016077170418,0.5541305383436466
2021-10-01,8196.71,23073.75,31270.46,10583.87,26370.0,36953.87,13479.83,16481.25,29961.08,16721.79,20958.0,37679.79,0.02598537258843603,0.0,0.006683222343338624,0.025985356457709274,0.0,0.007306912400189658,0.025984839893351097,0.0,0.011526120471254231,0.025985580064632696,0.0,0.011367750985270542,0.44987007841285154,0.6000414681097754,0.557748426582658,0.4498690389431059,0.6000407746454515,0.5539430908496847,0.4498696929313657,0.6000405804755486,0.5287989104893971,0.44987037534790586,0.6045016077170418,0.5319914780466188
2021-11-01,8372.56,24181.35,32553.92,10810.94,27635.83,38446.77,13769.03,17272.39,31041.43,17080.54,21966.0,39046.54,0.021453729606147,0.04800260035754911,0.041043847771986774,0.021454345149741982,0.048002654531664746,0.04039901639530563,0.021454276500519676,0.048002427000379155,0.0360584464912479,0.02145404289851749,0.04809619238476959,0.03627276054351691,0.42765600088668343,0.6768476192589552,0.6048050606153821,0.4276560876116373,0.6768469791873346,0.5983963141917088,0.4276576573774249,0.6768464116374706,0.5563499058912951,0.4276577374011934,0.6816720257234727,0.5602370811511055
2021-12-01,8624.96,25473.43,34098.4,11136.84,29112.5,40249.34,14184.11,18195.31,32379.42,17595.44,23142.0,40737.44,0.030146096295517788,0.05343291420867735,0.04744374870983292,0.03014538976259229,0.05343316991022151,0.04688482283427198,0.030145914418081787,0.05343325388090481,0.04310336218402311,0.030145416948176074,0.053537284894837445,0.04330473327470252,0.40471432456950374,0.6058373500127969,0.549713834867289,0.4047140646225684,0.6058383289683582,0.5446444093509124,0.40471502847239416,0.6058388169507323,0.5110636762812419,0.40471563901586927,0.6064139941690962,0.5126047175142712
2022-01-01,8905.68,25473.43,34379.12,11499.32,29112.5,40611.82,14645.76,18195.31,32841.07,18168.12,23142.0,41310.12,0.032547397321263105,0.0,0.008232644346948925,0.03254783223966573,0.0,0.009005861959475725,0.032546983913689376,0.0,0.014257512951127538,0.03254706901333537,0.0,0.014057829848905579,0.3925982914803887,0.6058373500127969,0.5445715546254544,0.39259772375524693,0.6058383289683582,0.5391065623410654,0.3925981709369526,0.6058388169507323,0.5031895966557409,0.39259754365444066,0.6064139941690962,0.5048012527953125
2022-02-01,9492.73,25473.43,34966.17,12257.34,29112.5,41369.84,15611.19,18195.31,33806.5,19365.74,23142.0,42507.74,0.06591860475561662,0.0,0.017075771572977905,0.06591868040892868,0.0,0.018665009349494666,0.06591873689040373,0.0,0.02939703243530123,0.06591876319619216,0.0,0.028990959116071302,0.44501612807472335,0.4969788253324996,0.48250624844981216,0.4450167344730145,0.49697904614989064,0.4811978092365945,0.4450162771776107,0.4969797641731417,0.47252654393906135,0.4450157628667899,0.5013623978201636,0.47515646825086977
2022-03-01,10159.1,27688.64,37847.75,13117.78,31644.16,44761.94,16707.06,19777.6,36484.67,20725.18,25158.0,45883.18,0.07019793041622391,0.08696159095967837,0.08241051278993394,0.07019793854131495,0.08696127093173045,0.08199451581151895,0.07019772355598786,0.0869614202780824,0.07922056409270395,0.07019819536976124,0.08711433756805809,0.0794076561115693,0.47338605699434533,0.6271584856163641,0.582816987877034,0.473384730814677,0.6271582465612546,0.5788676524638228,0.4733844596286878,0.6271592505931869,0.552940931100472,0.47338510219765295,0.6321525885558583,0.5563976978579306
2022-04-01,10790.01,28796.25,39586.26,13932.43,32910.0,46842.43,17744.62,20568.75,38313.37,22012.27,26166.0,48178.27,0.06210294218976098,0.040002325863603305,0.045934302567523844,0.06210273384673326,0.040002325863603305,0.04647899532504618,0.06210308695844735,0.040002325863603305,0.05012242127995137,0.06210271756385222,0.04006677796327218,0.05002029065988878,0.5130898275303566,0.5600240535027914,0.5469449737318857,0.5130903471247066,0.5600239478607856,0.5457624579384017,0.513089420426164,0.5600243915573055,0.5379298579416596,0.513089174382557,0.5614035087719298,0.5389517630861913
2022-05-01,11290.25,31387.7,42677.96,14578.36,35871.66,50450.03,18567.29,22419.79,40987.09,23032.8,28518.0,51550.8,0.04636140281612344,0.08999262056691415,0.07810033077133327,0.04636161818146589,0.08999270738377407,0.07701564585782594,0.04636165778698009,0.0899928289273777,0.06978556049754947,0.04636186999341718,0.0898876404494382,0.07000106064414524,0.5466964582942329,0.7004147062249275,0.6568527997608551,0.5466968260502385,0.7004147265123013,0.6529439093722027,0.5466954447877421,0.7004153997492586,0.6271575560811737,0.5466964283915572,0.7017543859649122,0.6287973216731582
2022-06-01,11804.49,36095.93,47900.42,15242.36,41252.5,56494.86,19412.97,25782.81,45195.78,24081.87,32802.0,56883.87,0.04554726423241284,0.15000238947103472,0.12236901670089195,0.04554696138660308,0.15000253682154652,0.1198181646274541,0.045546765306083925,0.15000229707771573,0.10268330832952532,0.04554678545378765,0.15022091310751096,0.10345271072417894,0.5674448681722577,0.730510860299906,0.68725356275084,0.5674457777553827,0.7305113235700653,0.683264770055541,0.5674455595836934,0.7305118817097849,0.6564902730751947,0.5674453600906548,0.7317073170731707,0.6581429304749611
2022-07-01,12606.52,36095.93,48702.45,16277.97,41252.5,57530.47,20731.94,25782.81,46514.75,25718.05,32802.0,58520.05,0.06794279125993596,0.0,0.016743694522928898,0.06794289073345583,0.0,0.018331048169691888,0.06794272076864072,0.0,0.02918347686443301,0.06794239816094017,0.0,0.028763514156121994,0.6469832029275009,0.730510860299906,0.7080877569236326,0.6469827014896528,0.7305113235700653,0.7060299793842806,0.6469828397746076,0.7305118817097849,0.6922583539220113,0.646981862613879,0.7317073170731707,0.6934227424280743
2022-08-01,13564.7,39344.73,52909.44,17515.2,44965.41,62480.62,22307.71,28103.38,50411.09,27672.8,35784.0,63456.8,0.07600670129425091,0.0900046071676226,0.0863814859416725,0.07600640620421362,0.0900044845766923,0.08604396939569581,0.07600687634635261,0.09000454178578665,0.08376568722824462,0.07600692898567352,0.09090909090909083,0.08435997576898857,0.7518820394863444,0.8862648104805035,0.8498853380612954,0.7518826397064193,0.8862651033021189,0.8465575549550826,0.7518818367512017,0.8862658106779338,0.8243385603851692,0.7518821172901562,0.8891352549889135,0.826723672377601
2022-09-01,14522.63,42593.54,57116.17,18752.12,48678.33,67430.45,23883.07,30423.95,54307.03,29627.04,38724.0,68351.04,0.07061932810898863,0.08257293924751807,0.07950811802203916,0.07061980451265182,0.08257280429556846,0.07922184510973151,0.07061953019830369,0.08257263005375148,0.07728339141248486,0.07061952531005189,0.0821596244131455,0.07712711640044856,0.8178032346531716,0.8459738880762773,0.8387286296239302,0.8178039339615599,0.8459738339021616,0.8380526421523744,0.8178024314929562,0.8459734546833524,0.8334779443937275,0.8178027483898598,0.8476953907815632,0.8346184414059701
2022-10-01,15827.89,45841.97,61669.87,20437.52,52390.83,72828.35,26029.63,32744.27,58773.9,32289.86,41664.0,73953.86,0.08987765990044494,0.07626579054006788,0.07972698449493376,0.08987783781247138,0.07626596886129833,0.08005137145013874,0.08987789258248635,0.07626623104494978,0.08225215041220268,0.08987803033985164,0.07592190889370931,0.08197124725534555,0.9310052447872379,0.9867585459667372,0.9721446374629603,0.9310063332221579,0.9867588168373151,0.9707908806303642,0.9310058064530489,0.9867588926810771,0.961674946296996,0.9310049940825713,0.9879759519038076,0.962692998023609
2022-11-01,16531.31,49090.78,65622.09,21345.79,56103.75,77449.54,27186.42,35064.84,62251.27,33724.86,44646.0,78370.86,0.04444180494051975,0.07086977283044327,0.06408672500850088,0.04444130207579011,0.07086965409786394,0.06345317448493604,0.04444127711381207,0.07086949869396975,0.05916520768572431,0.04444119609066122,0.07157258064516125,0.05972642942504969,0.9744630077300136,1.0301091543689664,1.0157968687027554,0.9744619801793368,1.0301091011198142,1.0144615529471008,0.9744615270647241,1.030109324766289,1.0054253299541935,0.9744609947929046,1.032504780114723,1.0071140746401603
2022-12-01,17275.19,53018.07,70293.26,22306.32,60592.08,82898.4,28409.77,37870.05,66279.82,35242.43,48258.0,83500.43,0.044998248777622374,0.08000056222370078,0.07118288978604603,0.04499856880443387,0.08000053472361479,0.07035367802055381,0.044998569138562594,0.08000065022398517,0.06471434237405926,0.0449985559613888,0.08090310442144877,0.06545251640724614,1.0029298686602606,1.0813086419850015,1.0614826502123265,1.0029308134084713,1.0813080291970802,1.059621350312825,1.002929334304373,1.081308315164732,1.0469736641360474,1.0029297363407794,1.0852994555353903,1.0497220738465645
2023-01-01,18523.79,56461.19,74984.99,23918.56,64527.08,88445.64,30463.15,40329.42,70792.58,37789.66,51366.0,89155.66,0.07227706323345795,0.06494238662403218,0.06674509049658539,0.07227727388471084,0.06494248093150135,0.06691612865869545,0.07227724828465698,0.06494234890104433,0.06808648544911544,0.07227736566405896,0.06440382941688427,0.06772695661567263,1.0799972601755283,1.216473792496731,1.1811201101133477,1.0799977737814062,1.2164733361957922,1.1778300012163947,1.0799978970022726,1.2164733659388047,1.1556112513995433,1.0799983707725405,1.2196007259528132,1.1582038493231197
2023-02-01,20055.66,58909.01,78964.67,25896.56,67324.58,93221.14,32982.37,42077.86,75060.24,40914.76,53592.0,94506.76,0.08269743934691554,0.0433540277843949,0.05307302168073891,0.08269728612424831,0.0433538911105229,0.05399361687020421,0.08269729164580819,0.04335395847497936,0.06028400151541313,0.0826972245847144,0.04333605887162717,0.060019745241076006,1.1127389065105615,1.3125668588800172,1.25831625253781,1.1127389792565108,1.3125660798626022,1.253359935643938,1.1127390032406241,1.3125662602066135,1.2202901808823747,1.1127393014674367,1.3157894736842106,1.2232835714154646
2023-03-01,21660.13,60872.65,82532.79,27968.3,69568.75,97537.05,35620.99,43480.46,79101.46,44187.97,55398.0,99585.97,0.08000085761326226,0.0333334408437691,0.0451862839419197,0.08000058695054468,0.03333359079254561,0.046297545814179,0.08000092170453477,0.033333444238846655,0.05383968929489158,0.08000071367887762,0.03369905956112862,0.053744409394629544,1.1320914254215433,1.1984702029424343,1.1806524826442786,1.1320909483159496,1.1984704286667744,1.1790174867309147,1.1320920616793138,1.1984699862470674,1.1680738787002873,1.1320910119960357,1.2020033388981637,1.1704243254281854
2023-04-01,23034.38,69395.15,92429.53,29742.78,79308.75,109051.53,37880.99,49567.96,87448.96,46991.52,63168.0,110159.52,0.0634460642664656,0.14000540472609613,0.11991282495114985,0.06344611578108061,0.14000539035127124,0.11805237086830078,0.06344573803254772,0.14000541852593096,0.10552902563366096,0.06344600125328226,0.14025777103866566,0.10617509675308678,1.1347876415313793,1.4098676042887526,1.334889176193962,1.13478768599591,1.4098678213309026,1.3280502313821039,1.1347873327239468,1.409867395928289,1.2824658859296378,1.1347875525786297,1.4141252006420544,1.2864980415444558
2023-05-01,24683.01,73656.04,98339.06,31871.55,84178.33,116049.89,40592.24,52611.45,93203.7,50354.84,67032.0,117386.84,0.07157257976989162,0.06140040046026263,0.06393551930860197,0.07157266402131879,0.06140028685359433,0.06417479883134147,0.07157283904142941,0.06140034812810535,0.06580684321460195,0.07157291358100348,0.061170212765957466,0.06560776590166695,1.1862235114368591,1.346652988272476,1.3042118226831834,1.1862232788873368,1.3466527615393318,1.3002937758411641,1.1862231914296593,1.346652221095737,1.273977001050819,1.186223125282206,1.3505154639175259,1.2771099575564295
2023-06-01,26326.66,77308.43,103635.1,33993.88,88352.5,122346.38,43295.29,55220.31,98515.6,53707.97,70392.0,124099.97,0.06659033886061705,0.04958710785972209,0.05385489753511985,0.0665901093608563,0.04958722749667288,0.054256751126606106,0.06659031381367475,0.049587304664669096,0.05699237262040047,0.06659002391825708,0.05012531328320802,0.05718809706437278,1.2302242621239885,1.1417492221422192,1.1635530544408588,1.2302241910045422,1.1417489849100053,1.1656196687627864,1.2302249475479536,1.1417490956183594,1.1797521804026836,1.2302242309255886,1.145966709346991,1.1816372549898593
2023-07-01,28199.58,92770.41,120969.99,36412.26,106023.33,142435.59,46375.38,66264.58,112639.96,57528.83,84504.0,142032.83,0.07114157283909162,0.20000380294878584,0.16726852195829411,0.07114162902263588,0.20000373503862368,0.16419946385009498,0.071141456726586,0.20000376673003117,0.14337181116493225,0.07114139670518171,0.2004773269689737,0.1445033387195822,1.2369043955032795,1.570107211533267,1.4838584095871976,1.2369042331445508,1.5701067814071874,1.4758287217191168,1.236904988148721,1.570106982132669,1.4215965903288743,1.2369048197666621,1.5761843790012806,1.4270797786399703
2023-08-01,32246.09,98954.84,131200.93,41637.26,113091.25,154728.51,53030.04,70682.03,123712.07,65783.97,90132.0,155915.97,0.14349539957687307,0.06666382093169565,0.08457419893975349,0.1434956248252648,0.06666381823698608,0.08630511517521722,0.14349553577782004,0.06666381949451727,0.09829646601437014,0.14349570467537753,0.06660039761431413,0.09774599295106645,1.3772062780599645,1.5150722854115402,1.479726302149484,1.3772072257239425,1.5150721410079435,1.4764240495692906,1.377206804284259,1.515072208396285,1.4540645719027303,1.377206860165939,1.5187793427230045,1.4570411681647988
2023-09-01,36180.49,105139.63,141320.12,46717.48,120159.58,166877.06,59500.31,75099.73,134600.05,73810.37,95760.0,169570.37,0.12201169196017236,0.06250113688223857,0.07712742584980159,0.12201139075914225,0.06250112188166645,0.0785152652216452,0.12201141089088363,0.06250103456281608,0.08801065247715911,0.12201148699295583,0.062441752096924485,0.08757537794236203,1.4913180326153044,1.4684407541613118,1.4742576401744025,1.4913172483964483,1.468440885297421,1.4748027041195781,1.4913174897532016,1.4684411458735633,1.4785014021204987,1.4913177286694856,1.472885032537961,1.4808747606473873
2023-10-01,39111.13,117756.4,156867.54,50501.63,134578.75,185080.38,64319.88,84111.71,148431.6,79789.06,107268.0,187057.06,0.08100056135226463,0.12000013696072531,0.11001561561085582,0.08100073034761279,0.12000016977422856,0.1090822189700611,0.08100075444985078,0.12000016511377609,0.10276036301620994,0.08100067781803566,0.12017543859649127,0.10312349970103862,1.4710261443565757,1.5687465002049432,1.5436658128191287,1.4710253494553154,1.5687462863252977,1.5413232621637039,1.4710255197634385,1.5687459210420633,1.525467937298699,1.4710252692331274,1.5745967741935485,1.5293752077308742
2023-11-01,44226.44,130373.17,174599.62,57106.69,148997.91,206104.61,72732.22,93123.69,165855.92,90224.6,118776.0,209000.6,0.13078911297116713,0.10714296632709575,0.11303855469397939,0.13078904581891715,0.1071429181798762,0.11359513093716345,0.13078911216874167,0.10714298877052908,0.11738955855761168,0.13078910818099643,0.10728269381362576,0.11730933865848203,1.6753136926232703,1.6557567429158797,1.6606836204089204,1.6753139612073387,1.6557567007552971,1.6611469867994053,1.6753143665109276,1.655756877829758,1.6642977725594998,1.6753142933729008,1.660395108184384,1.6668151912585878
2023-12-01,56158.28,140887.39,197045.67,72513.49,161014.16,233527.65,92354.62,100633.85,192988.47,114566.26,128352.0,242918.26,0.26978974568154235,0.08064711473994235,0.12855726719221972,0.26978975668174776,0.08064710437884659,0.13305398651684697,0.26978964755922474,0.08064714789544958,0.16359108556390378,0.2697896139190419,0.08062234794908063,0.16228498865553487,2.250805345700974,1.6573466367221594,1.8031943603127814,2.250804704675626,1.657346636722159,1.8170344662864424,2.2508049167592694,1.657346636722159,1.91172290449793,2.250804782757602,1.65970409051349,1.9091857371273422
2024-01-01,67601.33,140887.39,208488.72,87289.15,161014.16,248303.31,111173.19,100633.85,211807.05,137910.77,128352.0,266262.77,0.20376425346360327,0.0,0.05807308529032884,0.2037642926854022,0.0,0.06327156548699908,0.20376425131736786,0.0,0.0975114212781727,0.20376426707130002,0.0,0.09610026846067488,2.649432972410074,1.4952961494435382,1.7804060519311928,2.649431654748446,1.4952959284691016,1.8074115354923093,2.649431854552139,1.4952962378333239,1.9919385619227326,2.6494313523858106,1.4987735077677842,1.9864931738489737
2024-02-01,78257.45,169064.87,247322.33,101048.7,193217.0,294265.7,128697.64,120760.62,249458.26,159649.91,154022.4,313672.31,0.15763180990669845,0.20000001419573454,0.18626240306909647,0.15763184771532313,0.20000004968507112,0.18510582883490367,0.15763197943676888,0.19999999999999996,0.17776183559517977,0.15763192388817804,0.19999999999999996,0.1780554600254478,2.902013197271992,1.8699322904934235,2.1320631112622896,2.9020124680652564,1.8699324971652254,2.156641294024081,2.902013105789547,1.8699325488511058,2.3234407457263657,2.902012623317355,1.8739811912225703,2.3190462777477507
2024-03-01,87600.25,194424.6,282024.86,113112.44,222199.55,335311.99,144062.25,138874.71,282936.97,178709.78,177125.76,355835.54,0.11938543870264118,0.1499999970425554,0.14031296729252074,0.11938540525509,0.1499999999999999,0.1394871709478882,0.11938532827797,0.14999997515746433,0.13420565829329512,0.11938541023919136,0.15000000000000013,0.13441808108595876,3.0443085983325124,2.1939565634155898,2.4171249996516537,3.04430873524669,2.193956338154703,2.437790972763683,3.0443078645484025,2.193956779666084,2.5768868235807525,3.044308439604716,2.197331311599697,2.5731493100885596
2024-04-01,93804.32,215811.45,309615.78,121123.35,246641.66,367765.02,154265.1,154151.04,308416.15,191366.45,196644.0,388010.45,0.07082251477592827,0.11000074064701693,0.09783151740594809,0.07082253729121213,0.11000071782323606,0.0967845796388016,0.07082250901953846,0.11000080576225879,0.09005249473054033,0.07082248100803445,0.11019424842552539,0.09042073200445366,3.0723614006541524,2.1098924060254935,2.349749587604741,3.072361426874018,2.1098921619619526,2.3723967008991074,3.072361889169212,2.1098927613724676,2.526813240546257,3.0723613537080734,2.113031914893617,2.522259810137154
2024-05-01,96431.32,230918.33,327349.66,124515.42,263906.66,388422.09,158585.32,164941.66,323526.99,196725.7,210336.0,407061.7,0.028005106801051394,0.07000036374344343,0.05727705480644407,0.028005087375803095,0.07000033976417441,0.056169208262384585,0.028005167727502833,0.07000030619319864,0.04899496994563979,0.02800517018526505,0.0696283639470312,0.04909983738840018,2.906789325937153,2.1350902112033174,2.32878573376642,2.906788970100293,2.135090230466677,2.3470267830499454,2.906789080868659,2.1350905553829063,2.4711818307642295,2.906788304758788,2.137844611528822,2.467694504767315
2024-06-01,98902.96,230918.33,329821.29,127706.88,263906.66,391613.55,162650.02,164941.66,327591.69,201767.98,210336.0,412103.98,0.02563109164118038,0.0,0.007550427881916955,0.025631042323914555,0.0,0.008216473990961592,0.02563099787546519,0.0,0.012563712226915102,0.02563101821470193,0.0,0.012387016513712767,2.7567606373159377,1.9869747710566625,2.1825249360496586,2.756760922848466,1.986974448940324,2.2008593143499624,2.756760146427013,1.986974538897011,2.325277316485917,2.756760495695518,1.9880668257756562,2.32074197922852
2024-07-01,102014.95,250546.04,352560.99,131725.19,286338.33,418063.53,167767.82,178961.45,346729.28,208116.63,228144.0,436260.63,0.031465084563697454,0.0849984927571581,0.06894551895058076,0.03146510195848484,0.0849984990905499,0.06754102354221403,0.03146510526097712,0.08499847764354995,0.058419033767309614,0.03146510164794236,0.08466453674121399,0.05861785173732126,2.6176052976675535,1.7007107115296787,1.9144500218607936,2.6176054438807146,1.7007105888864271,1.935105825727966,2.617605289703287,1.7007105455131537,2.078208479477443,2.6176058160751747,1.6998011928429424,2.0715478245416925
2024-08-01,106459.65,260567.7,367027.36,137464.34,297791.66,435256.01,175077.32,186119.79,361197.11,217184.08,237384.0,454568.08,0.04356910433225725,0.03999927518311597,0.041032248065788535,0.04356911536813879,0.039999290349985506,0.04112408465765949,0.04356914216325869,0.03999934064012112,0.04172658853616262,0.04356907951084921,0.040500736377025115,0.04196447889418775,2.3014746904198304,1.6331981336132726,1.79744480469765,2.3014742084373463,1.6331980590894517,1.8130304492688514,2.301474409598786,1.633198141026793,1.9196594156091638,2.3014742041260203,1.6337371854613232,1.915468376972545
2024-09-01,109261.14,260567.7,369828.85,141081.72,297791.66,438873.39,179684.49,186119.79,365804.28,222899.29,237384.0,460283.29,0.026315040487170593,0.0,0.007632918701210745,0.026315042868572336,0.0,0.008310924873845993,0.02631505896937414,0.0,0.012755279243513495,0.026315050348073576,0.0,0.012572836174506552,2.0198911070579753,1.4783014739542075,1.6169582222262475,2.0198914838728457,1.4783014388032978,1.6299204336413884,2.0198916610686566,1.4783017195933996,1.7177128091705764,2.019891242924267,1.4789473684210526,1.714408714211097
2024-10-01,111749.26,276435.1,388184.36,144294.46,315925.83,460220.29,183776.29,197453.64,381229.94,227975.2,251748.0,479723.2,0.022772231737651527,0.06089549855949139,0.04963244484577123,0.02277219188992019,0.0608954931780159,0.0486402240062902,0.022772137984753194,0.060895458779531175,0.042169162154144235,0.02277221250906636,0.060509554140127486,0.04223466378716467,1.8572240178179462,1.3475165681016064,1.4745996526751166,1.8572238163401855,1.3475164541207287,1.4865968505143545,1.857223769696088,1.3475166537453585,1.5683879982429616,1.85722378481461,1.3469068128426,1.5645821654633085
2024-11-01,113434.68,276435.1,389869.78,146470.74,315925.83,462396.57,186548.05,197453.64,384001.69,231413.57,251748.0,483161.57,0.015082158038451476,0.0,0.00434180295156672,0.01508221452161096,0.0,0.004728778907162168,0.015082250272872466,0.0,0.0072705464843605405,0.015082210696601983,0.0,0.0071674040363276514,1.5648612006754328,1.1203373362786224,1.232936016699235,1.5648613148476995,1.1203373255369824,1.2435042573768729,1.5648612128159978,1.120337370651872,1.315272737928197,1.56486113543313,1.1195190947666194,1.311771210226191
2024-12-01,116036.35,276435.1,392471.45,149830.1,315925.83,465755.93,190826.59,197453.64,388280.24,236721.12,251748.0,488469.12,0.022935402118646753,0.0,0.006673176874596454,0.022935365793878226,0.0,0.0072651057943617925,0.022935324169831794,0.0,0.011142008255224045,0.02293534471638803,0.0,0.01098504171182313,1.066237605567692,0.962099659877296,0.9917791139485581,1.0662376062716055,0.9620996687496306,0.9944359051272944,1.0662376175658563,0.962099631485827,1.0119349098938395,1.0662376514691148,0.9613874345549738,1.01083739032216
2025-01-01,117087.53,276435.1,393522.63,151187.42,315925.83,467113.25,192555.3,197453.64,390008.95,238865.59,251748.0,490613.59,0.009059057786633185,0.0,0.002678360425962145,0.00905906089630859,0.0,0.002914230206365831,0.009059062471325374,0.0,0.004452222446344578,0.009059056496522055,0.0,0.004390185402098679,0.7320299763333058,0.962099659877296,0.8875008201882577,0.7320299258269787,0.9620996687496306,0.8812203913028787,0.7320299975200855,0.962099631485827,0.8413407391302605,0.7320299930164991,0.9613874345549738,0.842591775034865
2025-02-01,119829.51,284788.43,404617.95,154727.96,325472.5,480200.46,197064.61,203420.31,400484.92,244459.4,259476.0,503935.4,0.023418206874805447,0.030218051180910255,0.02819487153762923,0.023418218261810342,0.030218073653553335,0.02801720995925505,0.023418259585687773,0.030218080558048976,0.026860845116503107,0.023418232822902674,0.03069736403069734,0.027153365238007376,0.5312217558839445,0.6844920532574272,0.6359944126355273,0.5312216782600865,0.6844920478011769,0.6318601182536734,0.5312216292388887,0.6844920968441535,0.6054185577980058,0.5312216586905685,0.6846640488656197,0.6065664195860963
2025-03-01,124625.71,284788.43,409414.14,160920.97,325472.5,486393.47,204952.15,203420.31,408372.46,254243.93,259476.0,513719.93,0.04002519913500446,0.0,0.011853626365315728,0.040025151239633905,0.0,0.012896718174738808,0.04002514708247218,0.0,0.019694973783282554,0.04002517391435956,0.0,0.01941623866868647,0.4226638622606671,0.46477570225166964,0.4516952158047345,0.42266376713295184,0.46477569374015393,0.4505698707642396,0.4226638137332992,0.46477576802860665,0.4433336866511297,0.42266377363342955,0.46492525988314726,0.44370045218080256
2025-04-01,125735.34,284788.43,410523.77,162353.77,325472.5,487826.27,206776.98,203420.31,410197.3,256507.64,259476.0,515983.64,0.008903700528566594,0.0,0.002710287436579417,0.00890374946161443,0.0,0.0029457632315665894,0.008903688007176447,0.0,0.004468567738382667,0.008903693393978118,0.0,0.004406506089806639,0.3404003141859564,0.3196168692624972,0.32591358877121834,0.3404002613864294,0.31961688872836813,0.3264618532779435,0.34040025903461,0.31961685110914595,0.3300123874835996,0.3404002634735608,0.3195215719777873,0.32981892626860954
2025-05-01,125798.79,284788.43,410587.23,162435.7,325472.5,487908.2,206881.34,203420.31,410301.65,256637.09,259476.0,516113.09,0.0005046313948011694,0.0,0.00015458300989479312,0.0005046387281306686,0.0,0.0001679491348425266,0.0005046983469823019,0.0,0.00025438977779734806,0.000504663330885613,0.0,0.00025088004728224256,0.30454286014129006,0.23328637445108846,0.2542772459271838,0.3045428429667587,0.23328642028208013,0.2561288674390274,0.30454281644732295,0.23328642381797304,0.26821459316269114,0.30454277199166135,0.23362619808306717,0.26789892048306196
2025-06-01,126412.07,284788.43,411200.51,163227.59,325472.5,488700.09,207889.9,203420.31,411310.21,257888.22,259476.0,517364.22,0.004875086636366044,0.0,0.0014936655482442607,0.00487509826965371,0.0,0.001623030725862007,0.0048750650977027465,0.0,0.002458093941372086,0.00487509424300292,0.0,0.002424139252116042,0.2781424337552687,0.23328637445108846,0.2467373164418829,0.2781424931843921,0.23328642028208013,0.24791414903799947,0.2781424804005559,0.23328642381797304,0.25555752039986124,0.2781424485688957,0.23362619808306717,0.2554215564722282
2025-07-01,130185.6,297703.59,427889.19,168100.1,340232.67,508332.77,214095.63,212645.42,426741.05,265586.45,271243.56,536830.01,0.02985102609268253,0.04535001650172377,0.040585260947268775,0.029851019671368162,0.04534997580440736,0.04017326864007731,0.029851041344481022,0.04534999479648816,0.03751630673111661,0.02985103390918753,0.04535124635804477,0.03762492504796722,0.27614236932920133,0.18821909937191594,0.21366005354137463,0.2761423991872778,0.18821909033275408,0.21592230252660394,0.2761424091938489,0.18821913881453245,0.2307615036145778,0.27614237266863295,0.18891384388807064,0.2305259129158641
2025-08-01,131479.93,300680.63,432160.57,169771.39,343635.0,513406.4,216224.22,214771.88,430996.1,268226.97,273955.92,542182.89,0.009942190226875924,0.010000013772087701,0.009982444286568581,0.009942230849357081,0.010000009699244972,0.009980922536235504,0.009942239362849215,0.010000027275452128,0.00997103512774311,0.009942224085603524,0.009999721283705298,0.009971275637142618,0.23502124983503148,0.1539443683925521,0.17746145682436332,0.23502131534622017,0.1539443381322365,0.17955039839656672,0.23502130373026042,0.15394434949663327,0.1932434896835138,0.23502132384657282,0.15406227883934887,0.19274298802502798
2025-09-01,133300.39,303687.43,436987.83,172122.02,347071.35,519193.38,219218.03,216919.59,436137.63,271940.81,276695.16,548635.97,0.013845915494479,0.009999979047536245,0.011170061164997191,0.013845854710855532,0.010000000000000009,0.0112717332701735,0.01384585871092514,0.009999959026293359,0.01192941189026997,0.013845885818268178,0.009998834849051619,0.011902035492119545,0.22001646697078225,0.16548378789850005,0.18159475660160118,0.220016455710917,0.1654837815135588,0.1830140350956342,0.22001642991000514,0.16548374571022229,0.19227044035679408,0.22001649265011114,0.16560155697098367,0.191952829745351
2025-10-01,137485.3,303687.43,441172.74,177525.72,347071.35,524597.08,226100.28,216919.59,443019.88,280478.27,276695.16,557173.43,0.03139458181630217,0.0,0.009576719791029253,0.03139458855990651,0.0,0.010407875385467946,0.03139454359661942,0.0,0.015779995869652508,0.03139455236600952,0.0,0.015561247287523061,0.2303016592682583,0.09858491197391372,0.13650312959543243,0.23030170389077997,0.09858491152812654,0.13988255493907054,0.23030168908078408,0.09858491340043152,0.1620805018619471,0.23030167316444938,0.09909576242909557,0.16144774736764878
