periodo,cuyo,gba,nacional,noreste,noroeste,pampeana,patagonia,var_im_gba,var_im_pampeana,var_im_noreste,var_im_noroeste,var_im_cuyo,var_im_patagonia,var_im_nacional,var_ia_gba,var_ia_pampeana,var_ia_noreste,var_ia_noroeste,var_ia_cuyo,var_ia_patagonia,var_ia_nacional
2016-12-01,100.0,100.0,100.0,100.0,100.0,100.0,100.0,0.0,0.0,0.0,0.0,0.0,0.0,0.0,0.0,0.0,0.0,0.0,0.0,0.0,0.0
2017-01-01,101.2098,100.8651,100.8773,101.4132,100.4121,100.8374,101.0684,0.008650999999999964,0.008374000000000104,0.014132000000000033,0.004121000000000041,0.012097999999999942,0.010683999999999916,0.008773000000000142,0.0,0.0,0.0,0.0,0.0,0.0,0.0
2017-02-01,101.4084,101.2178,101.3278,101.7747,100.6545,101.5404,101.2819,0.0034967496190456693,0.006971619656992445,0.0035646247234086825,0.0024140516929733735,0.001962260571604757,0.002112430789445563,0.004465821349302512,0.0,0.0,0.0,0.0,0.0,0.0,0.0
2017-03-01,102.4367,102.1399,102.1787,103.1742,102.0194,102.0686,102.3074,0.009110057717120812,0.005201870388535035,0.013750961683011598,0.013560248175690237,0.010140185625648446,0.010125204997141646,0.008397498021273542,0.0,0.0,0.0,0.0,0.0,0.0,0.0
2017-04-01,103.4704,103.1802,103.3147,104.9504,103.1266,103.234,103.6556,0.010185050112639704,0.01141781115837781,0.017215544196126586,0.010852837793596137,0.010091109924470487,0.013177932388077629,0.011117776992660922,0.0,0.0,0.0,0.0,0.0,0.0,0.0
2017-05-01,105.9601,106.2886,106.1577,106.8457,106.0504,105.9881,105.8478,0.030125935014663652,0.02667822616579807,0.01805900692136464,0.028351560121248953,0.024061953950115234,0.021148881488313176,0.027517865318294588,0.0,0.0,0.0,0.0,0.0,0.0,0.0
2017-06-01,107.3218,107.7485,107.4904,107.4653,106.5386,107.3324,107.8202,0.013735245360273929,0.012683499373986384,0.005799016712886074,0.004603471556920091,0.012851063749467873,0.018634303216505055,0.01255396452636015,0.0,0.0,0.0,0.0,0.0,0.0,0.0
2017-07-01,109.2936,110.4314,110.0984,109.8963,109.3629,110.0163,109.7282,0.024899650575181953,0.025005496942209327,0.022621255419191133,0.02650964063729,0.01837278167157086,0.017696127441796605,0.024262631825725967,0.0,0.0,0.0,0.0,0.0,0.0,0.0
2017-08-01,110.3561,111.5098,111.1513,110.2027,110.1396,111.202,110.7126,0.009765338481627417,0.010777493880452127,0.0027880829472874957,0.007102042831709898,0.009721520747783874,0.008971258072218324,0.009563263408006062,0.0,0.0,0.0,0.0,0.0,0.0,0.0
2017-09-01,111.9858,112.5568,112.2879,111.002,111.3973,112.4815,111.2591,0.009389309280439795,0.011506088019999527,0.007252998338516337,0.011419144431249029,0.014767647642495607,0.004936204189947668,0.010225701363816508,0.0,0.0,0.0,0.0,0.0,0.0,0.0
2017-10-01,112.3966,113.4367,113.0973,112.0223,112.4689,113.1813,112.0466,0.007817386421788974,0.006221467530216129,0.009191726275202372,0.00961962273771455,0.0036683222337119403,0.007078072714950867,0.007208256633172594,0.0,0.0,0.0,0.0,0.0,0.0,0.0
2017-11-01,113.631,114.2362,114.1215,112.8144,113.6152,114.5049,112.8317,0.007047983589085316,0.011694511372461802,0.007070913559175329,0.01019215089682568,0.010982538617716031,0.00700690605515919,0.009055919106822019,0.0,0.0,0.0,0.0,0.0,0.0,0.0
2017-12-01,116.5744,117.6715,117.436,115.0816,116.4857,117.9903,115.8671,0.030071903652257426,0.03043887204827045,0.020096725240749347,0.025265105373224683,0.025903142628332043,0.026902014238906258,0.029043607032855467,0.17671499999999996,0.17990300000000015,0.15081599999999984,0.16485700000000003,0.1657439999999999,0.158671,0.17436000000000007
2018-01-01,117.1258,119.0239,118.6538,115.7603,118.1949,119.0718,117.3558,0.0114930123266892,0.009166007714193292,0.005897554430942975,0.014673045704322485,0.004730026489520922,0.01284834090091147,0.010369903607071018,0.18003055566295978,0.1808297318256915,0.14147172162992594,0.17709817840678577,0.15725749877976236,0.16115224936775507,0.17621903044589815
2018-02-01,119.4672,121.135,120.7253,117.5562,120.0469,121.165,119.1917,0.01773677387482686,0.017579309290697065,0.01551395426584068,0.01566903478914905,0.019990471783330355,0.015643879552608375,0.017458353630477985,0.19677566594018048,0.19326888607884163,0.15506309524862272,0.192663020530627,0.1780799223732945,0.1768312008364772,0.1914331506259883
2018-03-01,124.5471,126.9603,126.1821,121.6517,124.6761,126.5696,124.5389,0.048089321831015,0.04460529030660654,0.03483865589394686,0.03856159550975513,0.04252129454779219,0.04486218419571153,0.04520013617692409,0.2430039582964152,0.24004444069968622,0.1790903152144625,0.22208227062695918,0.21584451666248516,0.2173009967998405,0.2349158875577786
2018-04-01,125.9871,128.378,127.7561,123.2459,126.091,128.1799,127.7007,0.011166482750907036,0.01272264430005321,0.013104625747112353,0.011348606509186565,0.011561891043629258,0.025388051444167337,0.012474035540698702,0.24421158323011571,0.2416442257395821,0.17432520504924232,0.2226816359697692,0.2176148927616013,0.2319710657214853,0.23657233675362743
2018-05-01,129.6516,131.3665,130.576,125.3505,128.5875,130.806,130.5858,0.02327891071678967,0.020487611552201246,0.017076430128710074,0.01979919264658081,0.029086311217576988,0.022592671770789163,0.02207252726092923,0.2359415779302767,0.23415741955936564,0.17319180837413217,0.21251310697555126,0.22358887921019321,0.23371293498778423,0.23001911307422818
2018-06-01,135.44,136.5173,135.829,129.7316,132.978,136.3065,136.551,0.03920938747702052,0.04205082335672672,0.03495079796251299,0.03414406532516767,0.04464580460248846,0.04568031133553552,0.040229444920965696,0.2669995405968528,0.26994737842440863,0.20719525279322704,0.24816733090166387,0.2619989601367103,0.26646954837776216,0.26363842724559605
2018-07-01,140.6677,142.4208,141.5414,134.442,138.6219,141.9281,142.7558,0.04324360355793733,0.041242347210147745,0.036308809881324455,0.04244235888643244,0.03859790313053746,0.04543943288588159,0.042055820185674664,0.28967666804912384,0.29006429047332083,0.2233532885092584,0.26754045476116683,0.2870625544405161,0.30099463948191985,0.28558998132579605
2018-08-01,145.0621,146.89,145.9741,138.6768,143.0701,146.0566,149.2867,0.031380247828968644,0.029088672362978185,0.03149908510733246,0.03208872479745262,0.03123958094146695,0.04574875416620561,0.031317338955245466,0.31728332397690595,0.31343501016168784,0.2583793319038463,0.29898873792895553,0.314490997779008,0.34841653072911316,0.31329188232616256
2018-09-01,158.9075,161.5882,160.1563,151.6346,156.7015,160.174,161.4542,0.10006263190142284,0.09665704939044173,0.0934388448536454,0.09527776942911204,0.09544464060564417,0.08150424652698463,0.09715559130010054,0.43561472962984027,0.42400305828069507,0.36605286391236214,0.40669028782564753,0.41899687281780373,0.4511550066466472,0.4263006076344824
2018-10-01,166.6301,167.8866,167.0385,161.9696,164.1919,167.0118,168.9205,0.03897809369743577,0.04268982481551298,0.06815726753656492,0.04780043586053728,0.048598083790884594,0.04624407417087961,0.04297177195027624,0.48000250359892327,0.4756130208788909,0.4458692599598475,0.4598871332430565,0.48251904417037506,0.5075914842574429,0.47694507295930144
2018-11-01,172.878,173.9992,172.9721,168.5075,169.2621,172.4492,177.113,0.036409099951991486,0.032556981003737384,0.04036498207070949,0.0308797206195921,0.0374956265404629,0.04849914604799288,0.03552234963795775,0.523152905996523,0.5060420995084052,0.49367013430909523,0.48978393736049397,0.5213982099955117,0.5697095762981503,0.515683723049557
2018-12-01,177.6481,176.638,176.1826,170.3138,172.3881,176.2287,181.3766,0.015165586968215905,0.021916599207186804,0.010719404180822734,0.018468399009583303,0.027592290517012064,0.02407276710348749,0.01856079679902134,0.5011111441598008,0.49358633718195466,0.47993945165864904,0.47990783418050476,0.523903189722615,0.56538482451015,0.5002435369052078
2019-01-01,182.2216,181.3132,180.8936,174.6751,177.4474,180.9627,186.2452,0.026467690983819958,0.02686282086856462,0.025607437565247304,0.02934831348567557,0.025744716661759925,0.026842492361197623,0.026739303427239625,0.523334389143693,0.5197779826961548,0.508937865572221,0.5013118163304844,0.5557767801799434,0.5870131685012587,0.5245495719479696
2019-02-01,188.1974,185.7125,185.932,181.0133,182.3949,186.4363,191.9638,0.02426353955475946,0.030247117223604514,0.036285652620207554,0.027881501785881557,0.03279413637022177,0.030704683932793797,0.027852837247973383,0.5331035621414124,0.5386976437089916,0.5398022392693875,0.5193636820276077,0.5753060254195292,0.6105467075308095,0.540124563782405
2019-03-01,194.9874,193.4887,192.9944,186.5708,188.8111,193.2714,196.6706,0.041872248771622766,0.0366618517960291,0.03070216387414626,0.035177518669655905,0.03607913818150532,0.02451920622534054,0.03798377901598449,0.5240094738276453,0.5269970040199228,0.533647289762494,0.5144129468278202,0.565571578944833,0.5791901165017517,0.5294911084852765
2019-04-01,203.4019,202.1052,201.8547,196.1482,198.6893,202.1858,205.7215,0.04453231635749266,0.04612374101910577,0.05133386360566616,0.052317898682863406,0.04315407046814301,0.046020605011628524,0.045909622248106574,0.5742977768776583,0.577359632828548,0.5915190687884953,0.5757611566249774,0.6144660842260836,0.6109661106008033,0.5800004852997234
2019-05-01,209.9064,208.7736,208.3447,201.6685,205.1609,208.3617,213.7961,0.03299469781084308,0.030545666411785577,0.028143515974146105,0.032571457043736096,0.03197856067224536,0.03925015129677756,0.032151839912570646,0.5892453555510726,0.5929062887023531,0.6088368215523672,0.5954964518324097,0.6190035448849069,0.6372078740567504,0.595581883347629
2019-06-01,215.358,215.6745,215.4878,208.9336,212.1571,215.9995,221.6117,0.03305446665670386,0.03665644885792352,0.036024961756546015,0.03410103972053169,0.025971575902402178,0.03655632633149075,0.03428500940988655,0.5798327391473461,0.5846603060015481,0.6105066151962979,0.595430071139587,0.5900620200826936,0.6229225710540387,0.586463862650833
2019-07-01,221.7532,220.6806,220.9243,214.5294,216.4343,221.9525,227.8503,0.023211367129632787,0.027560248982057667,0.026782671623903465,0.02016053198313883,0.029695669536306868,0.028151040761837054,0.025228806456792485,0.549496983586667,0.5638376050972287,0.5957022359084214,0.5613283326804783,0.576432969331268,0.5960843622465779,0.5608458020056322
2019-08-01,232.499,234.5388,234.3379,229.5438,231.141,234.4091,243.5081,0.06279754541178528,0.05612281907164829,0.06998761008980581,0.06794995063166964,0.04845837624891103,0.06871968129951989,0.06071581985322583,0.5966968479814829,0.6049195996620487,0.6552429822436054,0.6155786568961648,0.6027549580490013,0.6311439666092158,0.6053388923103482
2019-09-01,250.615,252.4058,251.7058,244.6658,247.7284,251.8846,257.9072,0.07617929314893734,0.07455128661813903,0.06587849464895146,0.07176312294227327,0.07791861470371919,0.05913191388705341,0.07411477187428939,0.5620311384123347,0.5725685816674366,0.6135222436040322,0.5808936098250495,0.5771124710916729,0.5974016160620164,0.5716259678826248
2019-10-01,270.7723,274.3482,272.1918,262.532,268.2497,271.4544,274.1781,0.08693302610320375,0.07769351520497891,0.07302287446794775,0.08283789827892174,0.08043133890629028,0.06308819606432081,0.08138866883480622,0.6341280364245869,0.6253606032627637,0.6208720648813109,0.6337572072678372,0.624990322876839,0.6231191596046659,0.6295153512513583
2019-11-01,273.9913,274.4191,273.7052,265.1091,269.7862,273.745,280.7169,0.0002584307095871985,0.008438249665505548,0.009816327152499582,0.005727872202653028,0.011888217517080024,0.02384873190090686,0.00556004993537651,0.5771285155334047,0.5873950125602208,0.5732777472812784,0.5938960936913815,0.5848824026191883,0.5849593197563139,0.5823661735042818
2019-12-01,289.2805,289.603,288.4718,278.9728,284.4985,288.2213,294.037,0.05533106113969466,0.05288242707629354,0.05229431958389963,0.05453318220131331,0.05580177180808299,0.047450296009965864,0.05395074700809488,0.6395283008186234,0.6354958074365866,0.6379929283475563,0.6503372332544994,0.6283906216841049,0.621140764574923,0.6373455721507115
2020-01-01,287.4292,284.2234,284.7446,277.5606,281.6851,285.3257,294.168,-0.018575774422226243,-0.010046446948924315,-0.005062142259030233,-0.009888980082496057,-0.006399670907648591,0.000445522162176859,-0.012920500374733246,0.5675825036456255,0.5767100070898588,0.5890106832628121,0.5874287253574861,0.5773607519635433,0.5794662090620322,0.5740999128769619
2020-02-01,292.6947,289.6399,290.661,285.4677,286.793,292.0567,298.8178,0.01905719233532488,0.0235905843742783,0.02848783292729573,0.018133369496647234,0.01831929393394982,0.015806613907698885,0.02077791817649932,0.5596144578313254,0.5665227211653525,0.577053730306005,0.5723740082644855,0.5552536857576142,0.5566361991167084,0.5632650646472905
2020-03-01,298.3886,298.1909,299.0795,292.9796,294.6871,300.3593,311.5604,0.029522866152073668,0.028428041541248783,0.02631436060892356,0.02752542774753919,0.01945337582129092,0.04264337666631657,0.02896329400917219,0.5411282415975713,0.554080427833606,0.5703400532130432,0.5607509304272893,0.5302968294361583,0.5841737402540086,0.5496796798249066
2020-04-01,302.244,301.065,302.7645,299.3064,299.4366,304.9205,312.1318,0.009638456438476162,0.015185812458611947,0.021594677581647348,0.01611709504759462,0.012920734907432951,0.001833994307363751,0.012321138693892397,0.4896449967640615,0.5081202537468013,0.5259196872568803,0.5070595145284622,0.485944821557714,0.5172541518509248,0.4999130562726555
2020-05-01,310.8771,309.6676,311.3316,309.8376,307.3284,313.6318,318.2735,0.028573896002524357,0.028569086040459712,0.03518534852579158,0.02635549562077588,0.028563346170643378,0.019676623785208625,0.028296250055736438,0.48326991535328223,0.5052276881979749,0.5363708263809173,0.49798718956682286,0.48102725786350486,0.4886777635326369,0.49431015043819215
2020-06-01,318.0897,323.5848,323.992,332.9963,319.8763,324.8038,325.656,0.044942383381406215,0.0356213878822238,0.07474464041807716,0.04082896341503095,0.02320080829369542,0.023195459251241335,0.04066532276196844,0.5003387048538421,0.5037247771406879,0.5937900845053166,0.5077331845127973,0.4770275541191875,0.46948920115679815,0.5035282739904534
2020-07-01,329.9553,337.7372,336.5455,342.7949,331.8033,335.0819,344.1135,0.04373629416462088,0.0316440263322042,0.029425552175804892,0.03728628848089088,0.037302685374597244,0.05667790551993512,0.038746327069804076,0.5304344831398862,0.5097009495274891,0.597892410084585,0.533043976855794,0.48793929467534203,0.51026134264471,0.5233521165394663
2020-08-01,343.1694,349.4358,348.1836,354.2464,341.4684,346.3082,359.5478,0.03463817429646476,0.03350315251286329,0.03340627296380427,0.029129005046061973,0.04004815197694955,0.04485235249416264,0.034581059618981724,0.48988482929050536,0.4773667063266742,0.5432627672801442,0.47731644320998856,0.476003767758141,0.4765332241514757,0.4858185551718268
2020-09-01,350.8298,359.6755,357.1864,368.4586,346.9931,354.239,366.1054,0.02930352299335115,0.02290098819490849,0.040119532619103504,0.01617924235449042,0.022322503113622494,0.01823846509421001,0.025856473423791382,0.4249890454181322,0.4063543384549908,0.5059669148691808,0.4006997179168801,0.39987550625461354,0.41952376668817304,0.4190630490040357
2020-10-01,363.583,376.6123,373.2176,386.8226,363.0212,369.4718,380.7133,0.04708911226925383,0.04300147640434848,0.04984006344267722,0.046191408417054935,0.03635153000115743,0.039900804522413624,0.04488188800021509,0.3727529468026398,0.36108237700328294,0.4734302865936344,0.3532958284762293,0.3427629044773046,0.388562033218554,0.37115666232414046
2020-11-01,376.8479,391.3552,387.9375,403.6101,382.2796,383.1248,395.8409,0.03914609267939473,0.03695275255107422,0.0433984467298445,0.0530503452690918,0.03648382900190583,0.039734887118469286,0.03944053013577076,0.4261223070843101,0.3995682112915304,0.5224301994914546,0.41697240259138524,0.3754009707607502,0.41010712215759004,0.41735524206335883
2020-12-01,388.454,398.9083,397.2227,411.6971,389.9559,394.0748,410.4037,0.019299858542827453,0.028580765327642643,0.020036664097355272,0.02008032863903786,0.03079783647460954,0.03678952831806925,0.023934783309166985,0.37743151831990684,0.36726466780907585,0.47576071932460784,0.37067822853196075,0.3428281546803189,0.3957552961021913,0.3769897092194108
2021-01-01,405.906,409.698,409.0026,423.2817,401.7972,405.6861,426.5893,0.02704807094763373,0.029464710760495283,0.02813864853553749,0.030365741356907172,0.04492681244111263,0.039438240932038404,0.029655656637951555,0.4414647069875315,0.4218351168506729,0.5250064310280349,0.42640558552795316,0.4121947248226694,0.4501553534034972,0.43638404380627405
2021-02-01,423.567,430.1651,427.6367,441.1219,421.5107,422.1181,444.1874,0.0499565533636972,0.04050422235319373,0.04214734537306941,0.0490633085546639,0.043510073760919976,0.04125302720907453,0.04555985707670329,0.4851721050863502,0.44532928023907714,0.5452602868906009,0.4697384524726893,0.44712903923439673,0.4864823983042512,0.4712558616395044
2021-03-01,438.8695,443.5191,441.1744,453.8373,434.3367,436.4926,453.2493,0.031043894541886274,0.03405326613570936,0.028825138810836703,0.03042864629533737,0.03612769644471836,0.020401073961125338,0.03165701166434021,0.48736631466620883,0.45323484240374756,0.5490406157971408,0.47389112044605963,0.4707984822476463,0.45477185162170786,0.4751074547068588
2021-04-01,451.2445,464.2104,460.1121,473.095,447.1516,454.9925,474.8457,0.046652556789549715,0.04238307820109677,0.042433048143023955,0.029504529550461678,0.028197448216383147,0.04764795003544409,0.04292565479773991,0.5418942753226048,0.4921676305791183,0.5806377678526087,0.49330976907966484,0.49298083667500414,0.5212986949743668,0.519702937431568
2021-05-01,465.3421,474.3771,470.991,478.5807,458.4332,467.0118,485.3348,0.021901060381240844,0.026416479392517456,0.011595345543706781,0.02522992202197205,0.0312415996206048,0.022089491386359628,0.023644020663659893,0.5318912924697321,0.4890447971155987,0.5446178901463217,0.49167210059337174,0.4968683766028441,0.5248985542308735,0.5128274804099553
2021-06-01,481.5851,489.811,486.2222,494.7746,473.3749,481.5706,501.8961,0.032535086537693214,0.031174372895931057,0.03383734446458053,0.03259297101518821,0.034905502854781556,0.03412345457197796,0.032338622181740106,0.5137021269231437,0.4826507571647869,0.4858261187887072,0.47986862421504806,0.513991493594417,0.5411848699240915,0.5007228573545024
2021-07-01,497.0836,502.9341,499.4892,509.346,484.2205,494.7861,516.7084,0.026792170857738995,0.027442497527880638,0.029450582143869086,0.022911227443618065,0.03218226643639932,0.029512682007291957,0.02728587876078059,0.48912852951940167,0.4766124341541573,0.4858622459085593,0.4593601088355663,0.5065180041054045,0.5015638735475358,0.48416543973994597
2021-08-01,515.5036,518.0532,515.857,528.0691,500.2862,511.8576,535.6009,0.030061791395731507,0.034502788174526344,0.03675909892293272,0.03317847963892473,0.03705614105957222,0.036563175671229686,0.0327690768889497,0.4825418574742484,0.478040658580998,0.49068303869848795,0.46510248093234985,0.5021840525408152,0.48965144551016593,0.48156604733824326
2021-09-01,530.4224,538.1518,533.8161,539.1285,519.5099,528.2209,553.3079,0.03879640160508613,0.03196846154086619,0.020943092485434134,0.03842540529800753,0.028940244064250997,0.03306006393939964,0.034814105459458844,0.49621478249144024,0.4911427030902866,0.4631996647655938,0.49717645682291667,0.5119080534207758,0.5113349871375841,0.494502870210064
2021-10-01,544.4923,553.1724,548.5192,552.7889,533.4513,542.296,572.4729,0.027911455466654633,0.02664623834460178,0.02533792964015058,0.026835677241184408,0.0265258405376545,0.03463713422490433,0.027543380576194654,0.4688112947983909,0.4677601917115193,0.4290501640803821,0.4694769892226678,0.4975735939249084,0.5036850564453619,0.4697034652170744
2021-11-01,558.4798,568.4489,563.3426,567.4732,546.891,556.5524,590.2702,0.027616164508569074,0.0262889639606414,0.02656402832980187,0.025193864932000487,0.02568906851391639,0.031088458510437844,0.027024395864356343,0.4525139821829376,0.45266607643253587,0.4059935566528192,0.43060471968684677,0.48197668077757627,0.49118042122479033,0.4521478330916706
2021-12-01,578.282,588.3098,582.338,583.7987,562.3634,575.2217,610.421,0.03493876054646261,0.033544550342429647,0.028768759476218486,0.028291560841191332,0.03545732540371227,0.034138264137339114,0.03371909030135489,0.4747995967995653,0.4596764370622026,0.4180296630702527,0.44212050644701106,0.4886756218239483,0.487367194788936,0.46602397093620285
2022-01-01,597.4841,609.4198,601.6662,601.7708,583.4295,592.6635,625.5239,0.035882455128233515,0.030321874157390072,0.030784755087669646,0.037459941383098494,0.03320542572654861,0.024741776577149155,0.033190689942954155,0.4874854160869715,0.4608918077301638,0.421679226860032,0.4520496907395073,0.4719765167304746,0.46633752885972535,0.47105715220392264
2022-02-01,623.3603,635.6042,628.3237,630.6056,608.1331,620.6398,648.6312,0.04296611301437858,0.04720435795354372,0.047916582193752166,0.04234204818234266,0.043308600178649126,0.036940714815213216,0.04430612854768978,0.4775819795701697,0.4702989518810021,0.42954951907851324,0.44274653051512103,0.47169231786234533,0.4602647441147587,0.46929321080253406
2022-03-01,655.7286,662.7936,655.8863,654.1684,634.8449,648.9746,673.9692,0.042777250370592323,0.04565417815615436,0.03736535165561494,0.0439242659213912,0.05192550760771897,0.039063800816241834,0.043866879444464546,0.49439697185532716,0.486794048742178,0.4414161198297275,0.4616423157426026,0.49413117111123017,0.48697240128114916,0.48668259083029297
2022-04-01,695.3912,699.3546,691.9571,690.2601,670.8917,684.9308,702.2096,0.055161968974956954,0.05540463370985549,0.0551718792897975,0.05678048291795368,0.060486304852342965,0.04190161805613668,0.0549955076055102,0.5065466004208437,0.5053672313279889,0.4590306386666525,0.5003674369050677,0.5410519130981097,0.47881638182677033,0.5038880742323446
2022-05-01,727.4135,736.6078,728.9951,724.9441,709.1608,723.0158,735.6715,0.05326797021139207,0.05560415738349045,0.05024772545885248,0.057042142569359466,0.04604933165677094,0.04765229640836588,0.053526439717144436,0.5527895423282447,0.548174585738519,0.5147792211428504,0.5469228668429773,0.5631800776246121,0.5158020813673367,0.547789872842581
2022-06-01,773.6659,782.7068,772.6412,764.2628,749.9388,765.2133,772.2594,0.06258282901701562,0.05836317823206638,0.054236871504989015,0.05750176828724873,0.06358474237830336,0.04973401851233872,0.05987159584474577,0.5979771789526982,0.5889950507776014,0.544668622843614,0.5842386235518613,0.6064988306324259,0.5386838032811971,0.589070182315822
2022-07-01,841.7258,864.6076,852.4176,850.1493,824.7389,843.2412,859.0467,0.1046379052794737,0.1019688235946763,0.1123782290594284,0.09974160558168199,0.08797066020358413,0.11238102119572768,0.1032515480665539,0.7191270188281129,0.7042540200704912,0.6690997867854072,0.7032300367291346,0.6933284461607667,0.6625367421934694,0.7065786407393795
2022-08-01,908.8059,938.9133,924.2301,922.9098,895.0113,914.0506,921.1282,0.08594153000736982,0.0839728893702063,0.08558555538421309,0.08520563295850359,0.07969352965062959,0.07226789882319551,0.08424567958240181,0.8123878010984202,0.7857517403277787,0.7477065028042731,0.7889985772144024,0.7629477272321668,0.7198033087696454,0.7916401250734215
2022-09-01,971.8371,995.7438,980.1201,973.0769,945.1894,969.2023,979.6917,0.06052795290044344,0.060337688088602626,0.05435753309803415,0.056064208351335854,0.06935606381956805,0.0635780122679992,0.060471953899791764,0.8503028327694899,0.8348427712723976,0.8049071789007629,0.8193866950369952,0.832194681069276,0.770608552670222,0.8360632060366857
2022-10-01,1027.5945,1037.6003,1028.4132,1019.3931,997.1052,1022.4126,1041.4405,0.04203541111679532,0.054901128484734274,0.04759767701812678,0.05492634597891177,0.057373195569504265,0.06302880794029386,0.04927263505768331,0.8757268077727667,0.8853404782627936,0.8440911168802412,0.8691588154345111,0.8872525837371803,0.8191961575823064,0.8748900676585252
2022-11-01,1080.8734,1095.64,1084.1626,1069.764,1042.9713,1078.1928,1098.0135,0.05593647187650208,0.05455742622890214,0.04941263581242583,0.04599925865395149,0.05184817552059684,0.0543218743653624,0.054209144728986525,0.9274203890622361,0.937270955978269,0.8851357209468216,0.9070917239449909,0.9353849503598877,0.8601879274948996,0.9245173363420416
2022-12-01,1145.2426,1164.6745,1148.5321,1140.1874,1110.226,1137.8427,1142.2256,0.0630083786645248,0.055323964322521846,0.06583078136860099,0.06448374945696034,0.05955295041954045,0.04026553407585598,0.059372551681823094,0.9796959017170888,0.9780941852506604,0.953048884829651,0.9742145381438412,0.9804223544914072,0.8712095422667305,0.9722774402494772
2023-01-01,1212.7706,1222.408,1210.6926,1214.0664,1173.2439,1201.931,1213.3925,0.049570502316312215,0.05632439352117835,0.06479548888191533,0.05676132607234896,0.058963926071209816,0.06230546750134125,0.0541216915051832,1.0058554054200401,1.0280158977227383,1.01748971535342,1.0109437387036482,1.0297956046027,0.9398019803879594,1.0122330288788035
2023-02-01,1275.7697,1284.3587,1271.8967,1304.688,1236.7801,1257.4591,1274.1909,0.05067923312020217,0.046199074655699945,0.07464303435133379,0.05415429818130746,0.0519464274612198,0.05010612806655734,0.05055296447669688,1.020689447930017,1.0260690661475462,1.0689445193636087,1.0337325825547072,1.0466008181785078,0.9644304806799302,1.024269815065069
2023-03-01,1351.5902,1360.2311,1345.7519,1377.8498,1316.3036,1329.936,1329.0102,0.05907415116976278,0.057637580419116485,0.05607608868940295,0.06429881916761104,0.05943118103526057,0.04302283119428951,0.05806697981054598,1.0522695149741943,1.0492882155942618,1.1062616292685492,1.0734254933764134,1.061203674813025,0.9719153338164415,1.0518066927148806
2023-04-01,1463.146,1480.2566,1462.0471,1492.1755,1429.7199,1442.9646,1445.2934,0.08823904996731802,0.08498799942252866,0.08297399324657895,0.08616272112299939,0.08253670380267608,0.08749609295699923,0.08641652298614622,1.1166037944127343,1.1067304901458659,1.161758299516371,1.1310740615810273,1.1040617137519138,1.0582079766497068,1.1129158151567489
2023-05-01,1587.5484,1606.675,1590.1014,1619.2837,1566.0825,1572.6389,1569.7258,0.08540303079884937,0.089866584391606,0.08518314367177315,0.0953771434530637,0.08502391422318745,0.08609490640447115,0.08758561882171922,1.1811810844251172,1.1751100045116578,1.2336669820473052,1.2083602195722043,1.182456608242767,1.1337319714029968,1.1812237146724307
2023-06-01,1699.832,1742.6688,1717.2201,1742.0851,1687.2463,1694.084,1683.7421,0.08464300496366728,0.07722376700716249,0.07583686539918855,0.07736744392456973,0.07072767041307237,0.07263453273176745,0.0799437696237486,1.2264643669890178,1.2138716093930935,1.2794320225974625,1.2498453207115032,1.1971137670666372,1.1802804860646563,1.2225323992559547
2023-07-01,1799.5464,1845.9603,1822.9318,1865.9938,1791.3086,1794.6132,1841.4126,0.05927202001895027,0.059341331362553484,0.07112666310044213,0.061675820536693404,0.05866132653109246,0.09364290410033704,0.0615597849105074,1.135026687250956,1.1282323491783846,1.1949012955724365,1.1719705472847228,1.1379247256054166,1.1435535460412107,1.1385431272183961
2023-08-01,1998.9441,2111.101,2079.2711,2168.1809,2070.4814,2035.8292,2108.7658,0.14363293728472937,0.1344111366170715,0.1619443215727725,0.15584852325277732,0.11080442271452395,0.14518918790932567,0.14061924861917485,1.248451481089894,1.227260941571506,1.3492879802554918,1.3133578313480512,1.1995280840496303,1.2893293246260402,1.2497331562778577
2023-09-01,2289.3539,2361.4147,2342.3942,2471.809,2318.0663,2303.127,2415.264,0.11857021525734668,0.13129677086859748,0.14003817670379837,0.11957842267986551,0.14528160142147062,0.14534482681765803,0.12654583618268944,1.3715083136847048,1.3763119423055432,1.5401990325738901,1.452488675814604,1.3556971636501634,1.465330674946006,1.3899052779348167
2023-10-01,2533.4007,2630.6121,2592.8927,2711.0719,2559.3399,2535.0739,2655.8839,0.11399835869574293,0.10070955705004536,0.09679667806048098,0.10408399449144312,0.10660073132423964,0.09962467871007052,0.10694122278820517,1.5352846370611108,1.4795018175636723,1.659496027587395,1.5667701863354035,1.4653700462585197,1.550202243911198,1.5212557559549023
2023-11-01,2851.6215,2951.177,2915.5922,3041.0985,2902.6958,2848.2746,3035.4184,0.12185943339954997,0.12354697036642603,0.12173288358748446,0.1341579912851747,0.12561013344631977,0.14290327224017596,0.12445540071905037,1.6935644919864186,1.6417117606424383,1.8427751354504363,1.7831022771192266,1.6382567098052374,1.7644636427512048,1.6892573125101342
2023-12-01,3629.9429,3861.1661,3810.0606,4024.0063,3728.2974,3746.6994,3897.4008,0.30834785578770774,0.31542773298613835,0.32320814337319237,0.2844258085880029,0.27293993960979734,0.28397482205418534,0.3067878971551645,2.31523193819389,2.2928096300130063,2.5292499285643744,2.358142756519843,2.1695842435480484,2.4121112326671716,2.3173305299869287
2024-01-01,4680.3828,4665.1943,4660.7816,4808.9091,4643.4915,4601.1212,4911.4304,0.20823455380487266,0.22804653076785386,0.1950550624137939,0.24547239713226743,0.28938193490591835,0.26018099036670805,0.22328280027881986,2.8163970621920016,2.828107603514677,2.960993484376143,2.9578228363258487,2.85924823705324,3.0476848175672755,2.849682074541465
2024-02-01,5159.8569,5130.0468,5142.1336,5240.9095,5136.4609,5103.1849,5432.2134,0.09964268797979114,0.10911768635870778,0.08983334702666768,0.10616351941206315,0.10244335142843441,0.10603489362284346,0.10327709841628274,2.9942477128858163,3.0583307242358817,3.0169829875035257,3.153091483279849,3.0445049760940393,3.2632649471911934,3.04288618721945
2024-03-01,5430.081,5378.6424,5400.751,5492.512,5332.588,5398.2626,5606.152,0.04845873920682364,0.057822263112590644,0.048007411690661694,0.038183314118092504,0.052370463994844574,0.03201983927950991,0.05029379244444376,2.95421219232526,3.059039382346218,2.986292264947892,3.0511839365933513,3.0175498460998016,3.2182911763957867,3.013184748243714
2024-04-01,5760.241,5721.905,5751.79,5800.531,5665.522,5758.373,6058.018,0.06381956160535984,0.06670857397711627,0.056079804650404075,0.06243385013055569,0.060802039601250746,0.08060181029697366,0.06499818266015223,2.8654818360546406,2.99065437918574,2.887298109371183,2.962679682922508,2.9368873646238995,3.191548927020631,2.934066146022245
2024-05-01,5957.855,5899.493,5937.476,6010.562,5840.091,5955.554,6215.426,0.031036516684565862,0.03424248481298453,0.036208926389670104,0.0308125182463328,0.034306550715499595,0.025983415698005663,0.03228316750089966,2.6718645650178168,2.7869812326275283,2.7118646967174436,2.729108140854649,2.752865109498394,2.9595615998666776,2.7340235031552074
2024-06-01,6064.864,6030.626,6073.208,6196.515,5980.541,6092.549,6360.65,0.022227842290854394,0.023002897799264233,0.03093770599155299,0.02404928279370977,0.017960994351154946,0.023365091950253936,0.022860218719199965,2.4605692142993556,2.596367712580958,2.5569531017744196,2.5445571876494855,2.5679196532363195,2.777686618396012,2.536650892916988
2024-07-01,6281.507,6222.256,6282.946,6372.896,6220.931,6320.799,6587.104,0.03177613733632301,0.03746379388988097,0.028464548217828733,0.04019536025252557,0.03572099885504443,0.035602336239221044,0.03453496076538132,2.370742046836002,2.522095457672996,2.415282515944051,2.472841586312933,2.4906057437585383,2.5772015462477014,2.4466160500354426
2024-08-01,6552.416,6485.467,6550.784,6625.207,6479.486,6594.652,6880.806,0.04230153822022098,0.04332569347641013,0.03959126274773683,0.04156210702224472,0.04312802644333602,0.04458742415483341,0.042629365269095,2.072078029426351,2.2392953200592665,2.0556523212615705,2.1294586853086432,2.2779385876773643,2.26295409381165,2.1505194296212746
2024-09-01,6779.169,6666.315,6727.235,6766.785,6638.539,6762.099,7085.719,0.027885116060262227,0.02539133224922252,0.0213695964518541,0.024547163154608143,0.03460601402597141,0.0297803774732206,0.026935859890968805,1.823017490320527,1.9360512902675362,1.737584093269342,1.8638261985862958,1.9611712719470762,1.9337244292963418,1.871948282658828
2024-10-01,6926.016,6840.264,6903.035,6924.13,6813.868,6946.805,7265.486,0.02609372644406993,0.027314891426463817,0.02325254903177809,0.026410781046853904,0.021661504529537412,0.025370325862484888,0.02613257898676058,1.600255659129676,1.7402771177597627,1.5540193161236338,1.6623536795562015,1.7338809845596077,1.7356188273139503,1.662291038884872
2024-11-01,7003.726,6926.558,7007.157,7068.267,6899.538,7080.235,7341.634,0.01261559495364506,0.019207391023643217,0.020816622449318478,0.01257288811582491,0.011220014507618892,0.010480785456058905,0.015083510368989916,1.3470493298097672,1.485797893222795,1.3242479650034351,1.3769414624846323,1.45605035591154,1.4186563539313064,1.4033391912627562
2024-12-01,7073.659,6960.5953,7073.5091,7159.424,6962.7347,7175.2317,7481.5726,0.004914028006406612,0.013417167650508821,0.012896654866037194,0.009159555320950474,0.00998511363808352,0.019060961088498862,0.00946918985831191,0.8027184326517318,0.9150806974266472,0.7791781290203248,0.8675373643744193,0.948697044242762,0.9196313091535262,0.8565345391094306
2025-01-01,7246.2294,7070.7555,7187.8539,7263.1431,7088.7055,7283.3157,7609.6897,0.01582626129693243,0.015063485685068434,0.014487073261759686,0.018092144168583735,0.02439620004300469,0.017124354310215306,0.016165215649471598,0.5156400881309489,0.5829436746852052,0.5103515057084362,0.5265895285907167,0.5482129795024457,0.5493835970881313,0.542199252588879
2025-02-01,7329.6723,7158.8752,7260.6442,7340.6479,7162.3867,7326.7267,7733.8061,0.012462557926094409,0.0059603347964169995,0.010670972460944617,0.010394168582684049,0.01151535445455254,0.016310310261402616,0.010126847458599597,0.3954795110251237,0.4357164875605428,0.40064389587341664,0.3944205629989319,0.42051852251949096,0.4236933512221741,0.4119905791634817
2025-03-01,7419.7737,7255.9002,7368.221,7379.5921,7280.7485,7452.8348,7878.1655,0.01355310677856214,0.01721206551897181,0.00530528102294614,0.016525469087001365,0.012292691448156479,0.018666022671553595,0.014816426344097744,0.34902074917640924,0.38059878746913856,0.3435732320657652,0.36533114877804174,0.3664204456618603,0.40527147676338426,0.3642956322185562
2025-04-01,7471.9623,7340.1743,7437.0978,7421.3841,7327.879,7507.7361,7980.9813,0.011614561622553587,0.007366498986399073,0.005663185638675072,0.0064733042213998004,0.0070337185620634735,0.013050728624576458,0.009347819507585342,0.28282002235269554,0.3037946829772924,0.27943184856696734,0.2934163877573859,0.29716140348988884,0.3174244942817932,0.2930057947178182
2025-05-01,7598.5848,7444.9951,7540.4993,7512.3917,7414.7594,7622.8662,7995.9505,0.014280423831352307,0.015334862396135573,0.012262887727371385,0.011856145550438235,0.01694635156282831,0.0018756089555052036,0.013903474551592021,0.26197202030750777,0.2799592111833762,0.24986510412836616,0.26963079856118677,0.2753893473406117,0.28646861856291106,0.2699839628825449
2025-06-01,7747.3247,7600.2288,7683.5823,7579.1543,7567.0155,7743.9324,8240.9159,0.02085074575804624,0.015881978880857073,0.008886996667120117,0.020534192923373995,0.019574684485984983,0.030636182652706623,0.018975268653628863,0.26027195186702,0.27104967067150376,0.22313176035239168,0.2652727403758288,0.2774111175452576,0.2956090808329339,0.2651604061642545
2025-07-01,7851.9801,7721.9853,7801.8271,7678.9839,7662.0902,7869.2579,8341.9782,0.016020109815641392,0.016183702739967165,0.013171601480655992,0.012564359092432031,0.013508585744444135,0.012263479111587428,0.015389280075779332,0.24102661478409115,0.24497834846512268,0.2049441729474324,0.23166294562662726,0.2500153386758943,0.2664105804310968,0.24174664241901822
2025-08-01,7992.2098,7786.5255,7874.7486,7721.7077,7704.0944,7956.6035,8389.79,0.008357980168649082,0.011099598095520635,0.005563730899344588,0.005482081116716664,0.017859151222250347,0.0057314702644513105,0.009346720846966639,0.20061138234147213,0.2065236346057382,0.16550436839181026,0.18899776926750045,0.2197347970580621,0.2193033781216911,0.20210780877525503
2025-09-01,8152.1842,7987.2451,8048.6896,7774.5381,7881.838,8116.5079,8542.7344,0.025777813223625934,0.02009706780034959,0.006841802623531068,0.023071316467773162,0.020016291364123084,0.018229824584405474,0.022088451179254065,0.19814996741078095,0.20029415422637253,0.14892642517827892,0.18728503364972315,0.20253444043067814,0.205627036578786,0.196433542161081
2025-10-01,8238.0036,8147.5824,8179.996,7824.495,7997.9402,8228.1319,8696.7971,0.02007416800067907,0.01375271254279209,0.006425706499528339,0.014730345891402541,0.01052716644945284,0.01803435443340029,0.016314009674320173,0.19112104445091593,0.1844483759080613,0.13003294276681698,0.17377386823460617,0.18942890111717903,0.19700142564447853,0.1849854448079722
